PhraseID,SentenceID,Sentence
0,0,"['[', '``', 'GUESTS', ':', '[', 'singing', ']', 'But', 'he', ""'s"", 'here', 'with', 'us', 'today', '...', ""''"", ']']"
1,1,"['[', ""'LANCELOT"", ':', 'Heee', '!', ""'"", ',', ""'Hoa"", '!', ""'"", ',', ""'"", '[', 'crash', ']', 'Hoo', '!', ""'"", ']']"
2,2,"['[', ""'GUESTS"", ':', '[', 'singing', ']', 'What', 'a', 'wonderful', 'escape', '!', ""'"", ']']"
3,3,"['[', ""'LANCELOT"", ':', 'Excuse', 'me', '.', ""'"", ']']"
4,4,"['[', ""'Could"", ',', 'uh', '--', 'could', 'somebody', 'give', 'me', 'a', 'push', ',', 'please', '?', ""'"", ']']"
5,5,"['[', ']']"
6,6,"['[', ""'SCENE"", '17', ':', 'How', 'to', 'Find', 'that', 'Perfect', 'Shrubbery', ""'"", ']']"
7,7,"['[', ""'"", '[', 'King', 'Arthur', 'music', ']', ""'"", ']']"
8,8,"['[', ""'"", '[', 'clop', 'clop', 'clop', ']', ""'"", ']']"
9,9,"['[', ""'"", '[', 'rewr', '!', ""'"", ',', ""'rewr"", '!', ""'"", ',', ""'rewr"", '!', ""'"", ',', ""'rewr"", '!', ""'"", ',', ""'rewr"", '!', ""'"", ',', ""'rewr"", '!', ']', ""'"", ']']"
10,10,"['[', ""'ARTHUR"", ':', 'Old', 'crone', '!', ""'"", ',', ""'"", '[', 'rewr', '!', ']', ""'"", ']']"
11,11,"['[', ""'"", '[', 'music', 'stops', ']', 'Is', 'there', 'anywhere', 'in', 'this', 'town', 'where', 'we', 'could', 'buy', 'a', 'shrubbery', '?', ""'"", ']']"
12,12,"['[', ""'"", '[', 'dramatic', 'chord', ']', ""'"", ']']"
13,13,"['[', ""'OLD"", 'CRONE', ':', 'Who', 'sent', 'you', '?', ""'"", ']']"
14,14,"['[', '``', 'ARTHUR', ':', 'The', 'Knights', 'Who', 'Say', ""'Ni"", ""'"", '.', ""''"", ']']"
15,15,"['[', ""'CRONE"", ':', 'Aggh', '!', ""'"", ']']"
16,16,"['[', ""'No"", '!', ""'"", ']']"
17,17,"['[', ""'Never"", '!', ""'"", ']']"
18,18,"['[', ""'We"", 'have', 'no', 'shrubberies', 'here', '.', ""'"", ']']"
19,19,"['[', '``', 'ARTHUR', ':', 'If', 'you', 'do', 'not', 'tell', 'us', 'where', 'we', 'can', 'buy', 'a', 'shrubbery', ',', 'my', 'friend', 'and', 'I', 'will', 'say', '...', 'we', 'will', 'say', '...', ""'ni"", ""'"", '.', ""''"", ']']"
20,20,"['[', ""'CRONE"", ':', 'Agh', '!', ""'"", ']']"
21,21,"['[', ""'Do"", 'your', 'worst', ""'"", ']']"
22,22,"['[', ""'ARTHUR"", ':', 'Very', 'well', '!', ""'"", ']']"
23,23,"['[', ""'If"", 'you', 'will', 'not', 'assist', 'us', 'voluntarily', ',', '...', ""'"", ']']"
24,24,"['[', ""'ni"", '!', ""'"", ']']"
25,25,"['[', ""'CRONE"", ':', 'No', '!', ""'"", ']']"
26,26,"['[', ""'Never"", '!', ""'"", ']']"
27,27,"['[', ""'No"", 'shrubberies', '!', ""'"", ']']"
28,28,"['[', ""'ARTHUR"", ':', 'Ni', '!', ""'"", ']']"
29,29,"['[', ""'CRONE"", ':', '[', 'cough', ']', ""'"", ']']"
30,30,"['[', ""'BEDEVERE"", ':', 'Nu', '!', ""'"", ']']"
31,31,"['[', ""'ARTHUR"", ':', 'No', ',', 'no', ',', 'no', ',', 'no', ',', 'i', '--', ""'"", ']']"
32,32,"['[', ""'BEDEVERE"", ':', 'Nu', '!', ""'"", ']']"
33,33,"['[', '``', 'ARTHUR', ':', 'No', ',', 'it', ""'s"", 'not', 'that', '.', '``', ',', '``', 'It', ""'s"", ""'ni"", ""'"", '.', ""''"", ']']"
34,34,"['[', ""'BEDEVERE"", ':', 'Nu', '!', ""'"", ']']"
35,35,"['[', ""'ARTHUR"", ':', 'No', ',', 'no', '.', ""'"", ',', '``', ""'Ni"", ""'"", '.', ""''"", ']']"
36,36,"['[', '``', 'You', ""'re"", 'not', 'doing', 'it', 'properly', '.', ""''"", ']']"
37,37,"['[', ""'No"", '.', ""'"", ']']"
38,38,"['[', ""'BEDEVERE"", ':', 'Ni', '!', ""'"", ']']"
39,39,"['[', ""'ARTHUR"", 'and', 'BEDEVERE', ':', 'Ni', '!', ""'"", ']']"
40,40,"['[', '``', 'ARTHUR', ':', 'That', ""'s"", 'it', '.', ""''"", ']']"
41,41,"['[', '``', 'That', ""'s"", 'it', '.', ""''"", ']']"
42,42,"['[', '``', 'You', ""'ve"", 'got', 'it', '.', ""''"", ']']"
43,43,"['[', ""'ARTHUR"", 'and', 'BEDEVERE', ':', 'Ni', '!', ""'"", ']']"
44,44,"['[', ""'CRONE"", ':', 'Ohh', '!', ""'"", ']']"
45,45,"['[', ""'BEDEVERE"", ':', 'Ni', '!', ""'"", ']']"
46,46,"['[', ""'ARTHUR"", ':', 'Ni', '!', ""'"", ']']"
47,47,"['[', ""'CRONE"", ':', 'Agh', '!', ""'"", ']']"
48,48,"['[', ""'BEDEVERE"", ':', 'Ni', '!', ""'"", ']']"
49,49,"['[', ""'ARTHUR"", ':', 'Ni', '!', ""'"", ']']"
50,50,"['[', ""'BEDEVERE"", ':', 'Ni', '!', ""'"", ']']"
51,51,"['[', ""'ARTHUR"", ':', 'Ni', '!', ""'"", ']']"
52,52,"['[', ""'BEDEVERE"", ':', 'Ni', '!', ""'"", ']']"
53,53,"['[', '``', 'ROGER', 'THE', 'SHRUBBER', ':', 'Are', 'you', 'saying', ""'ni"", ""'"", 'to', 'that', 'old', 'woman', '?', ""''"", ']']"
54,54,"['[', ""'ARTHUR"", ':', 'Erm', ',', '...', 'yes', '.', ""'"", ']']"
55,55,"['[', '``', 'ROGER', ':', 'Oh', ',', 'what', 'sad', 'times', 'are', 'these', 'when', 'passing', 'ruffians', 'can', 'say', ""'ni"", ""'"", 'at', 'will', 'to', 'old', 'ladies', '.', ""''"", ']']"
56,56,"['[', ""'There"", 'is', 'a', 'pestilence', 'upon', 'this', 'land', '.', ""'"", ']']"
57,57,"['[', ""'Nothing"", 'is', 'sacred', '.', ""'"", ']']"
58,58,"['[', ""'Even"", 'those', 'who', 'arrange', 'and', 'design', 'shrubberies', 'are', 'under', 'considerable', 'economic', 'stress', 'at', 'this', 'period', 'in', 'history', '.', ""'"", ']']"
59,59,"['[', '``', 'ARTHUR', ':', 'Did', 'you', 'say', ""'shrubberies"", ""'"", '?', ""''"", ']']"
60,60,"['[', ""'ROGER"", ':', 'Yes', '.', ""'"", ']']"
61,61,"['[', ""'Shrubberies"", 'are', 'my', 'trade', '.', ""'"", ']']"
62,62,"['[', ""'"", 'I', 'am', 'a', 'shrubber', '.', ""'"", ']']"
63,63,"['[', '``', 'My', 'name', 'is', ""'Roger"", 'the', 'Shrubber', ""'"", '.', ""''"", ']']"
64,64,"['[', ""'"", 'I', 'arrange', ',', 'design', ',', 'and', 'sell', 'shrubberies', '.', ""'"", ']']"
65,65,"['[', ""'BEDEVERE"", ':', 'Ni', '!', ""'"", ']']"
66,66,"['[', ""'ARTHUR"", ':', 'No', '!', ""'"", ']']"
67,67,"['[', ""'No"", ',', 'no', ',', 'no', '!', ""'"", ']']"
68,68,"['[', ""'No"", '!', ""'"", ']']"
69,69,"['[', ']']"
70,70,"['[', ""'SCENE"", '18', ':', 'Shrubbery', 'or', 'Herring', '?', ""'"", ',', ""'That"", 'is', 'the', 'Question', ""'"", ']']"
71,71,"['[', ""'ARTHUR"", ':', 'O', 'Knights', 'of', 'Ni', ',', 'we', 'have', 'brought', 'you', 'your', 'shrubbery', '.', ""'"", ']']"
72,72,"['[', ""'May"", 'we', 'go', 'now', '?', ""'"", ']']"
73,73,"['[', ""'HEAD"", 'KNIGHT', ':', 'It', 'is', 'a', 'good', 'shrubbery', '.', ""'"", ']']"
74,74,"['[', ""'"", 'I', 'like', 'the', 'laurels', 'particularly', ',', '...', 'but', 'there', 'is', 'one', 'small', 'problem', '.', ""'"", ']']"
75,75,"['[', ""'ARTHUR"", ':', 'What', 'is', 'that', '?', ""'"", ']']"
76,76,"['[', '``', 'HEAD', 'KNIGHT', ':', 'We', 'are', 'now', '...', 'no', 'longer', 'the', 'Knights', 'Who', 'Say', ""'Ni"", ""'"", '.', ""''"", ']']"
77,77,"['[', ""'KNIGHTS"", 'OF', 'NI', ':', 'Ni', '!', ""'"", ']']"
78,78,"['[', ""'Shh"", '!', ""'"", ']']"
79,79,"['[', ""'HEAD"", 'KNIGHT', ':', 'Shh', '!', ""'"", ']']"
80,80,"['[', '``', 'We', 'are', 'now', 'the', 'Knights', 'Who', 'Say', ""'Ecky-ecky-ecky-ecky-pikang-zoop-boing-goodem-zu-owly-zhiv"", ""'"", '.', ""''"", ']']"
81,81,"['[', ""'RANDOM"", ':', 'Ni', '!', ""'"", ']']"
82,82,"['[', ""'HEAD"", 'KNIGHT', ':', 'Therefore', ',', 'we', 'must', 'give', 'you', 'a', 'test', '.', ""'"", ']']"
83,83,"['[', '``', 'ARTHUR', ':', 'What', 'is', 'this', 'test', ',', 'O', 'Knights', 'of', '--', 'knights', 'who', 'till', 'recently', 'said', ""'ni"", ""'"", '?', ""''"", ']']"
84,84,"['[', ""'HEAD"", 'KNIGHT', ':', 'Firstly', ',', 'you', 'must', 'find', '...', 'another', 'shrubbery', '!', ""'"", ',', ""'"", '[', 'dramatic', 'chord', ']', ""'"", ']']"
85,85,"['[', ""'ARTHUR"", ':', 'Not', 'another', 'shrubbery', '!', ""'"", ']']"
86,86,"['[', ""'RANDOM"", ':', 'Ni', '!', ""'"", ']']"
87,87,"['[', ""'HEAD"", 'KNIGHT', ':', 'Then', ',', 'when', 'you', 'have', 'found', 'the', 'shrubbery', ',', 'you', 'must', 'place', 'it', 'here', 'beside', 'this', 'shrubbery', ',', 'only', 'slightly', 'higher', 'so', 'you', 'get', 'the', 'two-level', 'effect', 'with', 'a', 'little', 'path', 'running', 'down', 'the', 'middle', '.', ""'"", ']']"
88,88,"['[', ""'KNIGHTS"", 'OF', 'NI', ':', 'A', 'path', '!', ""'"", ']']"
89,89,"['[', ""'"", 'A', 'path', '!', ""'"", ']']"
90,90,"['[', ""'"", 'A', 'path', '!', ""'"", ']']"
91,91,"['[', ""'Ni"", '!', ""'"", ']']"
92,92,"['[', ""'Shh"", '!', ""'"", ']']"
93,93,"['[', ""'Knights"", 'of', 'Ni', '!', ""'"", ']']"
94,94,"['[', ""'Ni"", '!', ""'"", ']']"
95,95,"['[', ""'Ni"", '!', ""'"", ']']"
96,96,"['[', ""'Shh"", ',', 'Shh', '!', '...', ""'"", ']']"
97,97,"['[', ""'HEAD"", 'KNIGHT', ':', 'Then', ',', 'when', 'you', 'have', 'found', 'the', 'shrubbery', ',', 'you', 'must', 'cut', 'down', 'the', 'mightiest', 'tree', 'in', 'the', 'forest', '...', 'with', '...', 'a', 'herring', '!', ""'"", ',', ""'"", '[', 'dramatic', 'chord', ']', ""'"", ']']"
98,98,"['[', ""'KNIGHTS"", 'OF', 'NI', ':', 'A', 'herring', '!', ""'"", ']']"
99,99,"['[', ""'ARTHUR"", ':', 'We', 'shall', 'do', 'no', 'such', 'thing', '!', ""'"", ']']"
100,100,"['[', ""'HEAD"", 'KNIGHT', ':', 'Oh', ',', 'please', '!', ""'"", ']']"
101,101,"['[', ""'ARTHUR"", ':', 'Cut', 'down', 'a', 'tree', 'with', 'a', 'herring', '?', ""'"", ']']"
102,102,"['[', '``', 'It', 'ca', ""n't"", 'be', 'done', '.', ""''"", ']']"
103,103,"['[', ""'KNIGHTS"", 'OF', 'NI', ':', 'Aaaaugh', '!', ""'"", ']']"
104,104,"['[', ""'Aaaugh"", '!', ""'"", ']']"
105,105,"['[', ""'HEAD"", 'KNIGHT', ':', 'Augh', '!', ""'"", ']']"
106,106,"['[', ""'Ohh"", '!', ""'"", ']']"
107,107,"['[', '``', 'Do', ""n't"", 'say', 'that', 'word', '.', ""''"", ']']"
108,108,"['[', ""'ARTHUR"", ':', 'What', 'word', '?', ""'"", ']']"
109,109,"['[', ""'HEAD"", 'KNIGHT', ':', 'I', 'can', 'not', 'tell', '.', ""'"", ']']"
110,110,"['[', ""'Suffice"", 'to', 'say', 'is', 'one', 'of', 'the', 'words', 'the', 'Knights', 'of', 'Ni', 'can', 'not', 'hear', '.', ""'"", ']']"
111,111,"['[', '``', 'ARTHUR', ':', 'How', 'can', 'we', 'not', 'say', 'the', 'word', 'if', 'you', 'do', ""n't"", 'tell', 'us', 'what', 'it', 'is', '?', ""''"", ']']"
112,112,"['[', ""'KNIGHTS"", 'OF', 'NI', ':', 'Aaaaugh', '!', ""'"", ']']"
113,113,"['[', ""'HEAD"", 'KNIGHT', ':', 'You', 'said', 'it', 'again', '!', ""'"", ']']"
114,114,"['[', '``', 'ARTHUR', ':', 'What', ',', ""'is"", ""'"", '?', ""''"", ']']"
115,115,"['[', ""'KNIGHTS"", 'OF', 'NI', ':', 'Agh', '!', ""'"", ']']"
116,116,"['[', '``', 'No', ',', 'not', ""'is"", ""'"", '.', ""''"", ']']"
117,117,"['[', '``', 'HEAD', 'KNIGHT', ':', 'No', ',', 'not', ""'is"", ""'"", '.', ""''"", ']']"
118,118,"['[', '``', 'You', 'would', ""n't"", 'get', 'vary', 'far', 'in', 'life', 'not', 'saying', ""'is"", ""'"", '.', ""''"", ']']"
119,119,"['[', '``', 'KNIGHTS', 'OF', 'NI', ':', 'No', ',', 'not', ""'is"", ""'"", '.', ""''"", ']']"
120,120,"['[', '``', 'Not', ""'is"", ""'"", '.', ""''"", ']']"
121,121,"['[', '``', 'BEDEVERE', ':', 'My', 'liege', ',', 'it', ""'s"", 'Sir', 'Robin', '!', ""''"", ']']"
122,122,"['[', ""'MINSTREL"", ':', '[', 'singing', ']', 'He', 'is', 'packing', 'it', 'in', 'and', 'packing', 'it', 'up', ""'"", ']']"
123,123,"['[', ""'And"", 'sneaking', 'away', 'and', 'buggering', 'up', ""'"", ']']"
124,124,"['[', ""'And"", 'chickening', 'out', 'and', 'pissing', 'off', 'home', ',', ""'"", ']']"
125,125,"['[', ""'Yes"", ',', 'bravely', 'he', 'is', 'throwing', 'in', 'the', 'sponge', '.', ""'"", ']']"
126,126,"['[', ""'ARTHUR"", ':', 'Sir', 'Robin', '!', ""'"", ']']"
127,127,"['[', ""'ROBIN"", ':', 'My', 'liege', '!', ""'"", ']']"
128,128,"['[', '``', 'It', ""'s"", 'good', 'to', 'see', 'you', '.', ""''"", ']']"
129,129,"['[', '``', 'HEAD', 'KNIGHT', ':', 'Now', 'he', ""'s"", 'said', 'the', 'word', '!', ""''"", ']']"
130,130,"['[', '``', 'ARTHUR', ':', 'Surely', 'you', ""'ve"", 'not', 'given', 'up', 'your', 'quest', 'for', 'the', 'Holy', 'Grail', '?', ""''"", ']']"
131,131,"['[', ""'MINSTREL"", ':', '[', 'singing', ']', 'He', 'is', 'sneaking', 'away', 'and', 'buggering', 'up', '--', ""'"", ']']"
132,132,"['[', ""'ROBIN"", ':', 'Shut', 'up', '!', ""'"", ']']"
133,133,"['[', ""'No"", ',', 'no', '.', ""'"", ',', ""'No"", '.', ""'"", ']']"
134,134,"['[', ""'Far"", 'from', 'it', '.', ""'"", ']']"
135,135,"['[', ""'HEAD"", 'KNIGHT', ':', 'He', 'said', 'the', 'word', 'again', '!', ""'"", ']']"
136,136,"['[', ""'KNIGHTS"", 'OF', 'NI', ':', 'Aaaaugh', '!', ""'"", ']']"
137,137,"['[', ""'ROBIN"", ':', 'I', 'was', 'looking', 'for', 'it', '.', ""'"", ']']"
138,138,"['[', ""'KNIGHTS"", 'OF', 'NI', ':', 'Aaaaugh', '!', ""'"", ']']"
139,139,"['[', ""'ROBIN"", ':', 'Uh', ',', 'here', '--', 'here', 'in', 'this', 'forest', '.', ""'"", ']']"
140,140,"['[', ""'ARTHUR"", ':', 'No', ',', 'it', 'is', 'far', 'from', 'this', 'place', '.', ""'"", ']']"
141,141,"['[', ""'KNIGHTS"", 'OF', 'NI', ':', 'Aaaaugh', '!', ""'"", ']']"
142,142,"['[', ""'HEAD"", 'KNIGHT', ':', 'Aaaaugh', '!', ""'"", ']']"
143,143,"['[', ""'Stop"", 'saying', 'the', 'word', '!', ""'"", ']']"
144,144,"['[', ""'The"", 'word', '...', ""'"", ']']"
145,145,"['[', ""'ARTHUR"", ':', 'Oh', ',', 'stop', 'it', '!', ""'"", ']']"
146,146,"['[', ""'HEAD"", 'KNIGHT', ':', '...', 'we', 'can', 'not', 'hear', '!', ""'"", ']']"
147,147,"['[', ""'Ow"", '!', ""'"", ']']"
148,148,"['[', ""'He"", 'said', 'it', 'again', '!', ""'"", ']']"
149,149,"['[', ""'ARTHUR"", ':', 'Patsy', '!', ""'"", ']']"
150,150,"['[', ""'HEAD"", 'KNIGHT', ':', 'Wait', '!', ""'"", ']']"
151,151,"['[', ""'"", 'I', 'said', 'it', '!', ""'"", ']']"
152,152,"['[', ""'"", 'I', 'said', 'it', '!', ""'"", ',', ""'"", '[', 'clop', 'clop', 'clop', ']', ""'"", ']']"
153,153,"['[', ""'Ooh"", '!', ""'"", ']']"
154,154,"['[', ""'"", 'I', 'said', 'it', 'again', '!', ""'"", ']']"
155,155,"['[', ""'And"", 'there', 'again', '!', ""'"", ']']"
156,156,"['[', '``', 'That', ""'s"", 'three', ""'it"", ""'s"", '!', ""''"", ']']"
157,157,"['[', ""'Ohh"", '!', ""'"", ']']"
158,158,"['[', ""'KNIGHTS"", 'OF', 'NI', ':', 'Aaaaugh', '!', '...', ""'"", ']']"
159,159,"['[', ']']"
160,160,"['[', ""'"", '[', 'Narrative', 'Interlude', ']', ""'"", ']']"
161,161,"['[', ""'NARRATOR"", ':', 'And', 'so', ',', 'Arthur', 'and', 'Bedevere', 'and', 'Sir', 'Robin', 'set', 'out', 'on', 'their', 'search', 'to', 'find', 'the', 'enchanter', 'of', 'whom', 'the', 'old', 'man', 'had', 'spoken', 'in', 'scene', 'twenty-four', '.', ""'"", ']']"
162,162,"['[', ""'Beyond"", 'the', 'forest', ',', 'they', 'met', 'Lancelot', 'and', 'Galahad', ',', 'and', 'there', 'was', 'much', 'rejoicing', '.', ""'"", ']']"
163,163,"['[', ""'KNIGHTS"", ':', 'Yay', '!', ""'"", ',', ""'Yay"", '!', ""'"", ',', ""'"", '[', 'whoosh', ']', ""'"", ']']"
164,164,"['[', '``', 'NARRATOR', ':', 'In', 'the', 'frozen', 'land', 'of', 'Nador', ',', 'they', 'were', 'forced', 'to', 'eat', 'Robin', ""'s"", 'minstrels', '.', ""''"", ']']"
165,165,"['[', ""'MINSTREL"", ':', '[', 'high-pitched', ']', 'Get', 'back', '!', ""'"", ']']"
166,166,"['[', ""'Eee"", '!', ""'"", ']']"
167,167,"['[', ""'NARRATOR"", ':', 'And', 'there', 'was', 'much', 'rejoicing', '.', ""'"", ']']"
168,168,"['[', ""'KNIGHTS"", ':', 'Yay', '!', ""'"", ']']"
169,169,"['[', ""'NARRATOR"", ':', 'A', 'year', 'passed', '.', ""'"", ']']"
170,170,"['[', ""'CARTOON"", 'CHARACTER', ':', '[', 'shivering', ']', ""'"", ']']"
171,171,"['[', ""'NARRATOR"", ':', 'Winter', 'changed', 'into', 'Spring', '.', ""'"", ']']"
172,172,"['[', ""'CARTOON"", 'CHARACTER', ':', 'Mmm', ',', 'nice', '.', ""'"", ']']"
173,173,"['[', ""'NARRATOR"", ':', 'Spring', 'changed', 'into', 'Summer', '.', ""'"", ']']"
174,174,"['[', ""'CARTOON"", 'CHARACTER', ':', 'Oh', '.', ""'"", ',', ""'Ahh"", '.', ""'"", ']']"
175,175,"['[', ""'NARRATOR"", ':', 'Summer', 'changed', 'back', 'into', 'Winter', ',', '...', ""'"", ']']"
176,176,"['[', ""'CARTOON"", 'CHARACTER', ':', 'Oh', '?', ""'"", ']']"
177,177,"['[', ""'NARRATOR"", ':', '...', 'and', 'Winter', 'gave', 'Spring', 'and', 'Summer', 'a', 'miss', 'and', 'went', 'straight', 'on', 'into', 'Autumn', '.', ""'"", ']']"
178,178,"['[', ""'CARTOON"", 'CHARACTER', ':', 'Aah', '.', ""'"", ',', ""'"", '[', 'snap', ']', ""'"", ']']"
179,179,"['[', ""'Oh"", '!', ""'"", ',', ""'Waa"", '!', ""'"", ']']"
180,180,"['[', ""'NARRATOR"", ':', 'Until', 'one', 'day', '...', ""'"", ']']"
181,181,"['[', ']']"
182,182,"['[', ""'SCENE"", '19', ':', 'Tim', 'the', 'Enchanter', 'Warns', 'of', 'Rabbit', 'Peril', '[', 'King', 'Arthur', 'music', ']', ""'"", ']']"
183,183,"['[', ""'"", '[', 'clop', 'clop', 'clop', ']', ""'"", ']']"
184,184,"['[', ""'"", '[', 'music', 'stops', ']', ""'"", ']']"
185,185,"['[', ""'"", '[', 'boom', ']', ""'"", ']']"
186,186,"['[', ""'KNIGHTS"", ':', 'Eh', ',', 'oh', '.', ""'"", ']']"
187,187,"['[', ""'See"", 'it', '?', ""'"", ']']"
188,188,"['[', ""'Oh"", ',', 'oh', '.', ""'"", ']']"
189,189,"['[', ""'ARTHUR"", ':', 'Knights', '!', ""'"", ']']"
190,190,"['[', ""'Forward"", '!', ""'"", ']']"
191,191,"['[', ""'"", '[', 'boom', 'boom', 'boom', 'boom', 'boom', ']', ""'"", ']']"
192,192,"['[', ""'"", '[', 'squeak', ']', ""'"", ']']"
193,193,"['[', ""'"", '[', 'boom', 'boom', 'boom', 'boom', ']', ""'"", ']']"
194,194,"['[', ""'What"", 'manner', 'of', 'man', 'are', 'you', 'that', 'can', 'summon', 'up', 'fire', 'without', 'flint', 'or', 'tinder', '?', ""'"", ']']"
195,195,"['[', ""'TIM"", ':', 'I', '...', 'am', 'an', 'enchanter', '.', ""'"", ']']"
196,196,"['[', ""'ARTHUR"", ':', 'By', 'what', 'name', 'are', 'you', 'known', '?', ""'"", ']']"
197,197,"['[', '``', 'TIM', ':', 'There', 'are', 'some', 'who', 'call', 'me', '...', ""'Tim"", ""'"", '?', ""''"", ']']"
198,198,"['[', ""'ARTHUR"", ':', 'Greetings', ',', 'Tim', 'the', 'Enchanter', '.', ""'"", ']']"
199,199,"['[', ""'TIM"", ':', 'Greetings', ',', 'King', 'Arthur', '!', ""'"", ']']"
200,200,"['[', ""'ARTHUR"", ':', 'You', 'know', 'my', 'name', '?', ""'"", ']']"
201,201,"['[', ""'TIM"", ':', 'I', 'do', '.', ""'"", ',', ""'"", '[', 'zoosh', ']', ""'"", ']']"
202,202,"['[', ""'You"", 'seek', 'the', 'Holy', 'Grail', '!', ""'"", ']']"
203,203,"['[', ""'ARTHUR"", ':', 'That', 'is', 'our', 'quest', '.', ""'"", ']']"
204,204,"['[', ""'You"", 'know', 'much', 'that', 'is', 'hidden', ',', 'O', 'Tim', '.', ""'"", ']']"
205,205,"['[', ""'TIM"", ':', 'Quite', '.', ""'"", ',', ""'"", '[', 'pweeng', 'boom', ']', ""'"", ']']"
206,206,"['[', ""'"", '[', 'clap', 'clap', 'clap', ']', ""'"", ']']"
207,207,"['[', ""'ROBIN"", ':', 'Oh', '.', ""'"", ']']"
208,208,"['[', '``', 'ARTHUR', ':', 'Yes', ',', 'we', ""'re"", '--', 'we', ""'re"", 'looking', 'for', 'the', 'Holy', 'Grail', '.', ""''"", ']']"
209,209,"['[', ""'Our"", 'quest', 'is', 'to', 'find', 'the', 'Holy', 'Grail', '.', ""'"", ']']"
210,210,"['[', ""'KNIGHTS"", ':', 'Yeah', ',', 'yes', '.', ""'"", ']']"
211,211,"['[', ""'It"", 'is', ',', 'it', 'is', '.', ""'"", ']']"
212,212,"['[', ""'Yeah"", ',', 'yup', ',', 'yup', '.', ""'"", ']']"
213,213,"['[', ""'Hm"", ',', 'mm', '.', ""'"", ']']"
214,214,"['[', '``', 'ARTHUR', ':', 'And', 'so', ',', 'we', ""'re"", '--', 'we', ""'re"", '--', 'we', ""'re"", 'looking', 'for', 'it', '.', ""''"", ']']"
215,215,"['[', ""'BEDEVERE"", ':', 'Yes', ',', 'we', 'are', '.', ""'"", ']']"
216,216,"['[', ""'GALAHAD"", ':', 'Yeah', '.', ""'"", ']']"
217,217,"['[', ""'ROBIN"", ':', 'We', 'are', '.', ""'"", ']']"
218,218,"['[', ""'We"", 'are', '.', ""'"", ']']"
219,219,"['[', ""'BEDEVERE"", ':', 'We', 'have', 'been', 'for', 'some', 'time', '.', ""'"", ']']"
220,220,"['[', ""'ROBIN"", ':', 'Ages', '.', ""'"", ']']"
221,221,"['[', ""'BEDEVERE"", ':', 'Umhm', '.', ""'"", ']']"
222,222,"['[', ""'ARTHUR"", ':', 'Uh', '--', 'uh', ',', 'so', ',', 'uh', ',', 'anything', 'that', 'you', 'could', 'do', 'to', ',', 'uh', '--', 'to', 'help', '...', 'would', 'be', '...', 'very', '...', 'helpful', '.', ""'"", ']']"
223,223,"['[', ""'GALAHAD"", ':', 'Look', ',', 'can', 'you', 'tell', 'us', 'where', '--', '[', 'boom', ']', ""'"", ']']"
224,224,"['[', ""'ARTHUR"", ':', 'Fine', '.', ""'"", ']']"
225,225,"['[', '``', 'Um', ',', 'I', 'do', ""n't"", 'want', 'to', 'waste', 'any', 'more', 'of', 'your', 'time', ',', 'but', ',', 'uh', ',', 'I', 'do', ""n't"", 'suppose', 'you', 'could', ',', 'uh', ',', 'tell', 'us', 'where', 'we', 'might', 'find', 'a', ',', 'um', '--', 'find', 'a', ',', 'uh', '--', 'a', ',', 'um', '--', 'a', ',', 'uh', '--', ""''"", ']']"
226,226,"['[', ""'TIM"", ':', 'A', 'what', '...', '?', ""'"", ']']"
227,227,"['[', ""'ARTHUR"", ':', 'A', 'g', '--', 'a', '--', 'a', 'g', '--', 'a', 'g', '--', 'a', '--', 'a', 'g', '--', ""'"", ']']"
228,228,"['[', ""'TIM"", ':', 'A', 'grail', '?', ""'"", ',', ""'"", '!', ""'"", ']']"
229,229,"['[', ""'ARTHUR"", ':', 'Yes', '.', ""'"", ']']"
230,230,"['[', ""'"", 'I', 'think', 'so', '.', ""'"", ']']"
231,231,"['[', ""'ROBIN"", ':', 'Y', '--', 'y', '--', 'yes', '.', ""'"", ']']"
232,232,"['[', ""'ARTHUR"", ':', 'Yes', '.', ""'"", ']']"
233,233,"['[', ""'GALAHAD"", ':', 'Yup', '.', ""'"", ']']"
234,234,"['[', '``', 'KNIGHTS', ':', 'That', ""'s"", 'it', '...', ""''"", ']']"
235,235,"['[', ""'TIM"", ':', 'Yes', '!', ""'"", ']']"
236,236,"['[', ""'ROBIN"", ':', 'Oh', '.', ""'"", ']']"
237,237,"['[', ""'ARTHUR"", ':', 'Oh', '.', ""'"", ']']"
238,238,"['[', ""'Thank"", 'you', '.', ""'"", ']']"
239,239,"['[', ""'ROBIN"", ':', 'Ahh', '.', ""'"", ']']"
240,240,"['[', ""'GALAHAD"", ':', 'Oh', '.', ""'"", ']']"
241,241,"['[', ""'Fine"", '.', ""'"", ']']"
242,242,"['[', ""'ARTHUR"", ':', 'Thank', 'you', '.', ""'"", ']']"
243,243,"['[', ""'ROBIN"", ':', 'Splendid', '.', ""'"", ']']"
244,244,"['[', ""'KNIGHTS"", ':', 'Aah', '...', ""'"", ']']"
245,245,"['[', ""'"", '[', 'boom', 'pweeng', 'boom', 'boom', ']', ""'"", ']']"
246,246,"['[', '``', 'ARTHUR', ':', 'Look', ',', 'um', ',', 'you', ""'re"", 'a', 'busy', 'man', ',', 'uh', '--', ""''"", ']']"
247,247,"['[', ""'TIM"", ':', 'Yes', ',', 'I', 'can', 'help', 'you', 'find', 'the', 'Holy', 'Grail', '.', ""'"", ']']"
248,248,"['[', ""'KNIGHTS"", ':', 'Oh', ',', 'thank', 'you', '.', ""'"", ']']"
249,249,"['[', ""'Oh"", '...', ""'"", ']']"
250,250,"['[', ""'TIM"", ':', 'To', 'the', 'north', 'there', 'lies', 'a', 'cave', '--', 'the', 'cave', 'of', 'Caerbannog', '--', 'wherein', ',', 'carved', 'in', 'mystic', 'runes', 'upon', 'the', 'very', 'living', 'rock', ',', 'the', 'last', 'words', 'of', 'Olfin', 'Bedwere', 'of', 'Rheged', '...', ""'"", ']']"
251,251,"['[', ""'"", '[', 'boom', ']', '...', 'make', 'plain', 'the', 'last', 'resting', 'place', 'of', 'the', 'most', 'Holy', 'Grail', '.', ""'"", ']']"
252,252,"['[', ""'ARTHUR"", ':', 'Where', 'could', 'we', 'find', 'this', 'cave', ',', 'O', 'Tim', '?', ""'"", ']']"
253,253,"['[', ""'TIM"", ':', 'Follow', '.', ""'"", ']']"
254,254,"['[', ""'But"", '!', ""'"", ']']"
255,255,"['[', ""'Follow"", 'only', 'if', 'ye', 'be', 'men', 'of', 'valour', ',', 'for', 'the', 'entrance', 'to', 'this', 'cave', 'is', 'guarded', 'by', 'a', 'creature', 'so', 'foul', ',', 'so', 'cruel', 'that', 'no', 'man', 'yet', 'has', 'fought', 'with', 'it', 'and', 'lived', '!', ""'"", ']']"
256,256,"['[', ""'Bones"", 'of', 'full', 'fifty', 'men', 'lie', 'strewn', 'about', 'its', 'lair', '.', ""'"", ']']"
257,257,"['[', ""'So"", ',', 'brave', 'knights', ',', 'if', 'you', 'do', 'doubt', 'your', 'courage', 'or', 'your', 'strength', ',', 'come', 'no', 'further', ',', 'for', 'death', 'awaits', 'you', 'all', 'with', 'nasty', ',', 'big', ',', 'pointy', 'teeth', '.', ""'"", ']']"
258,258,"['[', ""'ARTHUR"", ':', 'What', 'an', 'eccentric', 'performance', '.', ""'"", ']']"
259,259,"['[', ']']"
260,260,"['[', '``', 'SCENE', '20', ':', 'Faced', 'With', 'a', 'Killer', 'Rabbit', '-', 'Who', ""'s"", 'Got', 'the', 'Grenade', '?', ""''"", ']']"
261,261,"['[', ""'"", '[', 'clop', 'clop', 'clop', ']', ""'"", ']']"
262,262,"['[', ""'"", '[', 'whinny', 'whinny', ']', ""'"", ']']"
263,263,"['[', '``', 'GALAHAD', ':', 'They', ""'re"", 'nervous', ',', 'sire', '.', ""''"", ']']"
264,264,"['[', '``', 'ARTHUR', ':', 'Then', 'we', ""'d"", 'best', 'leave', 'them', 'here', 'and', 'carry', 'on', 'on', 'foot', '.', ""''"", ']']"
265,265,"['[', ""'Dis-mount"", '!', ""'"", ']']"
266,266,"['[', ""'TIM"", ':', 'Behold', 'the', 'cave', 'of', 'Caerbannog', '!', ""'"", ']']"
267,267,"['[', ""'ARTHUR"", ':', 'Right', '!', ""'"", ']']"
268,268,"['[', ""'Keep"", 'me', 'covered', '.', ""'"", ']']"
269,269,"['[', ""'GALAHAD"", ':', 'What', 'with', '?', ""'"", ']']"
270,270,"['[', ""'ARTHUR"", ':', 'W', '--', 'just', 'keep', 'me', 'covered', '.', ""'"", ']']"
271,271,"['[', ""'TIM"", ':', 'Too', 'late', '!', ""'"", ']']"
272,272,"['[', ""'"", '[', 'dramatic', 'chord', ']', ""'"", ']']"
273,273,"['[', ""'ARTHUR"", ':', 'What', '?', ""'"", ']']"
274,274,"['[', ""'TIM"", ':', 'There', 'he', 'is', '!', ""'"", ']']"
275,275,"['[', ""'ARTHUR"", ':', 'Where', '?', ""'"", ']']"
276,276,"['[', ""'TIM"", ':', 'There', '!', ""'"", ']']"
277,277,"['[', ""'ARTHUR"", ':', 'What', ',', 'behind', 'the', 'rabbit', '?', ""'"", ']']"
278,278,"['[', ""'TIM"", ':', 'It', 'is', 'the', 'rabbit', '.', ""'"", ']']"
279,279,"['[', ""'ARTHUR"", ':', 'You', 'silly', 'sod', '!', ""'"", ']']"
280,280,"['[', ""'TIM"", ':', 'What', '?', ""'"", ']']"
281,281,"['[', ""'ARTHUR"", ':', 'You', 'got', 'us', 'all', 'worked', 'up', '!', ""'"", ']']"
282,282,"['[', '``', 'TIM', ':', 'Well', ',', 'that', ""'s"", 'no', 'ordinary', 'rabbit', '!', ""''"", ']']"
283,283,"['[', ""'ARTHUR"", ':', 'Ohh', '.', ""'"", ']']"
284,284,"['[', '``', 'TIM', ':', 'That', ""'s"", 'the', 'most', 'foul', ',', 'cruel', ',', 'and', 'bad-tempered', 'rodent', 'you', 'ever', 'set', 'eyes', 'on', '!', ""''"", ']']"
285,285,"['[', ""'ROBIN"", ':', 'You', 'tit', '!', ""'"", ']']"
286,286,"['[', ""'"", 'I', 'soiled', 'my', 'armor', ""'"", ']']"
287,287,"['[', ""'"", 'I', 'was', 'so', 'scared', '!', ""'"", ']']"
288,288,"['[', '``', 'TIM', ':', 'Look', ',', 'that', 'rabbit', ""'s"", 'got', 'a', 'vicious', 'streak', 'a', 'mile', 'wide', '!', ""''"", ']']"
289,289,"['[', '``', 'It', ""'s"", 'a', 'killer', '!', ""''"", ']']"
290,290,"['[', ""'GALAHAD"", ':', 'Get', 'stuffed', '!', ""'"", ']']"
291,291,"['[', '``', 'TIM', ':', 'He', ""'ll"", 'do', 'you', 'up', 'a', 'treat', ',', 'mate', '.', ""''"", ']']"
292,292,"['[', ""'GALAHAD"", ':', 'Oh', ',', 'yeah', '?', ""'"", ']']"
293,293,"['[', ""'ROBIN"", ':', 'You', 'mangy', 'Scots', 'git', '!', ""'"", ']']"
294,294,"['[', '``', 'TIM', ':', 'I', ""'m"", 'warning', 'you', '!', ""''"", ']']"
295,295,"['[', '``', 'ROBIN', ':', 'What', ""'s"", 'he', 'do', ',', 'nibble', 'your', 'bum', '?', ""''"", ']']"
296,296,"['[', '``', 'TIM', ':', 'He', ""'s"", 'got', 'huge', ',', 'sharp', '--', 'eh', '--', 'he', 'can', 'leap', 'about', '--', 'look', 'at', 'the', 'bones', '!', ""''"", ']']"
297,297,"['[', ""'ARTHUR"", ':', 'Go', 'on', ',', 'Bors', '.', ""'"", ']']"
298,298,"['[', ""'Chop"", 'his', 'head', 'off', '!', ""'"", ']']"
299,299,"['[', ""'BORS"", ':', 'Right', '!', ""'"", ']']"
300,300,"['[', ""'Silly"", 'little', 'bleeder', '.', ""'"", ']']"
301,301,"['[', '``', 'One', 'rabbit', 'stew', 'comin', ""'"", 'right', 'up', '!', ""''"", ']']"
302,302,"['[', ""'TIM"", ':', 'Look', '!', ""'"", ']']"
303,303,"['[', ""'"", '[', 'squeak', ']', ""'"", ']']"
304,304,"['[', ""'BORS"", ':', 'Aaaugh', '!', ""'"", ']']"
305,305,"['[', ""'"", '[', 'dramatic', 'chord', ']', ""'"", ']']"
306,306,"['[', ""'"", '[', 'clunk', ']', ""'"", ']']"
307,307,"['[', ""'ARTHUR"", ':', 'Jesus', 'Christ', '!', ""'"", ']']"
308,308,"['[', ""'TIM"", ':', 'I', 'warned', 'you', '!', ""'"", ']']"
309,309,"['[', ""'ROBIN"", ':', 'I', 'done', 'it', 'again', '!', ""'"", ']']"
310,310,"['[', ""'TIM"", ':', 'I', 'warned', 'you', ',', 'but', 'did', 'you', 'listen', 'to', 'me', '?', ""'"", ']']"
311,311,"['[', '``', 'Oh', ',', 'no', ',', 'you', 'knew', 'it', 'all', ',', 'did', ""n't"", 'you', '?', ""''"", ']']"
312,312,"['[', '``', 'Oh', ',', 'it', ""'s"", 'just', 'a', 'harmless', 'little', 'bunny', ',', 'is', ""n't"", 'it', '?', ""''"", ']']"
313,313,"['[', '``', 'Well', ',', 'it', ""'s"", 'always', 'the', 'same', '.', ""''"", ']']"
314,314,"['[', ""'"", 'I', 'always', 'tell', 'them', '--', ""'"", ']']"
315,315,"['[', ""'ARTHUR"", ':', 'Oh', ',', 'shut', 'up', '!', ""'"", ']']"
316,316,"['[', ""'TIM"", ':', 'Do', 'they', 'listen', 'to', 'me', '?', ""'"", ']']"
317,317,"['[', ""'ARTHUR"", ':', 'Right', '!', ""'"", ']']"
318,318,"['[', ""'TIM"", ':', 'Oh', ',', 'no', '...', ""'"", ']']"
319,319,"['[', ""'KNIGHTS"", ':', 'Charge', '!', ""'"", ']']"
320,320,"['[', ""'"", '[', 'squeak', 'squeak', 'squeak', ']', ""'"", ']']"
321,321,"['[', ""'KNIGHTS"", ':', 'Aaaaugh', '!', ',', 'Aaaugh', '!', ',', 'etc', '.', ""'"", ']']"
322,322,"['[', ""'ARTHUR"", ':', 'Run', 'away', '!', ""'"", ']']"
323,323,"['[', ""'Run"", 'away', '!', ""'"", ']']"
324,324,"['[', ""'KNIGHTS"", ':', 'Run', 'away', '!', ""'"", ']']"
325,325,"['[', ""'Run"", 'away', '!', '...', ""'"", ']']"
326,326,"['[', ""'TIM"", ':', 'Ha', 'ha', 'ha', 'ha', '!', ""'"", ']']"
327,327,"['[', ""'Ha"", 'haw', 'haw', '!', ""'"", ']']"
328,328,"['[', ""'Ha"", '!', ""'"", ',', ""'Ha"", 'ha', '!', ""'"", ']']"
329,329,"['[', ""'ARTHUR"", ':', 'Right', '.', ""'"", ']']"
330,330,"['[', ""'How"", 'many', 'did', 'we', 'lose', '?', ""'"", ']']"
331,331,"['[', ""'LANCELOT"", ':', 'Gawain', '.', ""'"", ']']"
332,332,"['[', ""'GALAHAD"", ':', 'Ector', '.', ""'"", ']']"
333,333,"['[', ""'ARTHUR"", ':', 'And', 'Bors', '.', ""'"", ']']"
334,334,"['[', '``', 'That', ""'s"", 'five', '.', ""''"", ']']"
335,335,"['[', ""'GALAHAD"", ':', 'Three', ',', 'sir', '.', ""'"", ']']"
336,336,"['[', ""'ARTHUR"", ':', 'Three', '.', ""'"", ']']"
337,337,"['[', ""'Three"", '.', ""'"", ']']"
338,338,"['[', '``', 'And', 'we', ""'d"", 'better', 'not', 'risk', 'another', 'frontal', 'assault', '.', ""''"", ']']"
339,339,"['[', '``', 'That', 'rabbit', ""'s"", 'dynamite', '.', ""''"", ']']"
340,340,"['[', ""'ROBIN"", ':', 'Would', 'it', 'help', 'to', 'confuse', 'it', 'if', 'we', 'run', 'away', 'more', '?', ""'"", ']']"
341,341,"['[', ""'ARTHUR"", ':', 'Oh', ',', 'shut', 'up', 'and', 'go', 'and', 'change', 'your', 'armor', '.', ""'"", ']']"
342,342,"['[', ""'GALAHAD"", ':', 'Let', 'us', 'taunt', 'it', '!', ""'"", ']']"
343,343,"['[', ""'It"", 'may', 'become', 'so', 'cross', 'that', 'it', 'will', 'make', 'a', 'mistake', '.', ""'"", ']']"
344,344,"['[', ""'ARTHUR"", ':', 'Like', 'what', '?', ""'"", ']']"
345,345,"['[', ""'GALAHAD"", ':', 'Well', '...', 'ooh', '.', ""'"", ']']"
346,346,"['[', ""'LANCELOT"", ':', 'Have', 'we', 'got', 'bows', '?', ""'"", ']']"
347,347,"['[', ""'ARTHUR"", ':', 'No', '.', ""'"", ']']"
348,348,"['[', ""'LANCELOT"", ':', 'We', 'have', 'the', 'Holy', 'Hand', 'Grenade', '.', ""'"", ']']"
349,349,"['[', ""'ARTHUR"", ':', 'Yes', ',', 'of', 'course', '!', ""'"", ']']"
350,350,"['[', ""'The"", 'Holy', 'Hand', 'Grenade', 'of', 'Antioch', '!', ""'"", ']']"
351,351,"['[', '``', ""'T"", 'is', 'one', 'of', 'the', 'sacred', 'relics', 'Brother', 'Maynard', 'carries', 'with', 'him', '!', ""''"", ']']"
352,352,"['[', ""'Brother"", 'Maynard', '!', ""'"", ']']"
353,353,"['[', ""'Bring"", 'up', 'the', 'Holy', 'Hand', 'Grenade', '!', ""'"", ']']"
354,354,"['[', ""'MONKS"", ':', '[', 'chanting', ']', 'Pie', 'Iesu', 'domine', ',', 'dona', 'eis', 'requiem', '.', ""'"", ']']"
355,355,"['[', ""'Pie"", 'Iesu', 'domine', ',', 'dona', 'eis', 'requiem', '.', ""'"", ']']"
356,356,"['[', ""'Pie"", 'Iesu', 'domine', ',', 'dona', 'eis', 'requiem', '.', ""'"", ']']"
357,357,"['[', ""'Pie"", 'Iesu', 'domine', ',', 'dona', 'eis', 'requiem', '.', ""'"", ']']"
358,358,"['[', ""'ARTHUR"", ':', 'How', 'does', 'it', ',', 'um', '--', 'how', 'does', 'it', 'work', '?', ""'"", ']']"
359,359,"['[', ""'LANCELOT"", ':', 'I', 'know', 'not', ',', 'my', 'liege', '.', ""'"", ']']"
360,360,"['[', ""'ARTHUR"", ':', 'Consult', 'the', 'Book', 'of', 'Armaments', '!', ""'"", ']']"
361,361,"['[', ""'BROTHER"", 'MAYNARD', ':', 'Armaments', ',', 'chapter', 'two', ',', 'verses', 'nine', 'to', 'twenty-one', '.', ""'"", ']']"
362,362,"['[', ""'SECOND"", 'BROTHER', ':', 'And', 'Saint', 'Attila', 'raised', 'the', 'hand', 'grenade', 'up', 'on', 'high', ',', 'saying', ',', ""'"", ']']"
363,363,"['[', '``', ""'"", 'O', 'Lord', ',', 'bless', 'this', 'Thy', 'hand', 'grenade', 'that', ',', 'with', 'it', ',', 'Thou', 'mayest', 'blow', 'Thine', 'enemies', 'to', 'tiny', 'bits', 'in', 'Thy', 'mercy', '.', ""'"", ""''"", ']']"
364,364,"['[', ""'And"", 'the', 'Lord', 'did', 'grin', ',', ""'"", ']']"
365,365,"['[', ""'and"", 'the', 'people', 'did', 'feast', 'upon', 'the', 'lambs', 'and', 'sloths', 'and', 'carp', 'and', 'anchovies', 'and', 'orangutans', 'and', 'breakfast', 'cereals', 'and', 'fruit', 'bats', 'and', 'large', 'chu', '--', ""'"", ']']"
366,366,"['[', ""'MAYNARD"", ':', 'Skip', 'a', 'bit', ',', 'Brother', '.', ""'"", ']']"
367,367,"['[', ""'SECOND"", 'BROTHER', ':', 'And', 'the', 'Lord', 'spake', ',', 'saying', ',', ""'"", ']']"
368,368,"['[', '``', ""'First"", 'shalt', 'thou', 'take', 'out', 'the', 'Holy', 'Pin', '.', ""''"", ']']"
369,369,"['[', ""'Then"", ',', 'shalt', 'thou', 'count', 'to', 'three', '.', ""'"", ']']"
370,370,"['[', ""'No"", 'more', '.', ""'"", ']']"
371,371,"['[', ""'No"", 'less', '.', ""'"", ']']"
372,372,"['[', ""'Three"", 'shalt', 'be', 'the', 'number', 'thou', 'shalt', 'count', ',', ""'"", ']']"
373,373,"['[', ""'and"", 'the', 'number', 'of', 'the', 'counting', 'shall', 'be', 'three', '.', ""'"", ']']"
374,374,"['[', ""'Four"", 'shalt', 'thou', 'not', 'count', ',', ""'"", ']']"
375,375,"['[', ""'nor"", 'either', 'count', 'thou', 'two', ',', ""'"", ']']"
376,376,"['[', ""'excepting"", 'that', 'thou', 'then', 'proceed', 'to', 'three', '.', ""'"", ']']"
377,377,"['[', ""'Five"", 'is', 'right', 'out', '.', ""'"", ']']"
378,378,"['[', '``', 'Once', 'the', 'number', 'three', ',', 'being', 'the', 'third', 'number', ',', 'be', 'reached', ',', 'then', ',', 'lobbest', 'thou', 'thy', 'Holy', 'Hand', 'Grenade', 'of', 'Antioch', 'towards', 'thy', 'foe', ',', 'who', ',', 'being', 'naughty', 'in', 'My', 'sight', ',', 'shall', 'snuff', 'it', '.', ""'"", ""''"", ']']"
379,379,"['[', ""'MAYNARD"", ':', 'Amen', '.', ""'"", ']']"
380,380,"['[', ""'KNIGHTS"", ':', 'Amen', '.', ""'"", ']']"
381,381,"['[', ""'ARTHUR"", ':', 'Right', '!', ""'"", ']']"
382,382,"['[', ""'One"", '!', '...', ""'"", ']']"
383,383,"['[', ""'Two"", '!', '...', ""'"", ']']"
384,384,"['[', ""'Five"", '!', ""'"", ']']"
385,385,"['[', ""'GALAHAD"", ':', 'Three', ',', 'sir', '!', ""'"", ']']"
386,386,"['[', ""'ARTHUR"", ':', 'Three', '!', ""'"", ']']"
387,387,"['[', ""'"", '[', 'angels', 'sing', ']', ""'"", ']']"
388,388,"['[', ""'"", '[', 'boom', ']', ""'"", ']']"
389,389,"['[', ']']"
390,390,"['[', '``', 'SCENE', '21', ':', 'Do', ""n't"", 'Go', 'Near', 'the', 'Castle', 'Aarrggh', ""''"", ']']"
391,391,"['[', ""'ARTHUR"", ':', 'There', '!', ""'"", ']']"
392,392,"['[', ""'Look"", '!', ""'"", ']']"
393,393,"['[', ""'LANCELOT"", ':', 'What', 'does', 'it', 'say', '?', ""'"", ']']"
394,394,"['[', ""'GALAHAD"", ':', 'What', 'language', 'is', 'that', '?', ""'"", ']']"
395,395,"['[', ""'ARTHUR"", ':', 'Brother', 'Maynard', '!', ""'"", ']']"
396,396,"['[', ""'You"", 'are', 'a', 'scholar', '.', ""'"", ']']"
397,397,"['[', '``', 'MAYNARD', ':', 'It', ""'s"", 'Aramaic', '!', ""''"", ']']"
398,398,"['[', ""'GALAHAD"", ':', 'Of', 'course', '!', ""'"", ']']"
399,399,"['[', ""'Joseph"", 'of', 'Arimathea', '!', ""'"", ']']"
400,400,"['[', '``', 'LANCELOT', ':', ""'Course"", '!', ""''"", ']']"
401,401,"['[', ""'ARTHUR"", ':', 'What', 'does', 'it', 'say', '?', ""'"", ']']"
402,402,"['[', '``', 'MAYNARD', ':', 'It', 'reads', ',', ""'Here"", 'may', 'be', 'found', 'the', 'last', 'words', 'of', 'Joseph', 'of', 'Arimathea', '.', ""''"", ']']"
403,403,"['[', '``', 'He', 'who', 'is', 'valiant', 'and', 'pure', 'of', 'spirit', 'may', 'find', 'the', 'Holy', 'Grail', 'in', 'the', 'Castle', 'of', 'aaarrrrggh', ""'"", '.', ""''"", ']']"
404,404,"['[', ""'ARTHUR"", ':', 'What', '?', ""'"", ']']"
405,405,"['[', '``', 'MAYNARD', ':', ""'"", '...', 'The', 'Castle', 'of', 'aaarrrrggh', ""'"", '.', ""''"", ']']"
406,406,"['[', ""'BEDEVERE"", ':', 'What', 'is', 'that', '?', ""'"", ']']"
407,407,"['[', ""'MAYNARD"", ':', 'He', 'must', 'have', 'died', 'while', 'carving', 'it', '.', ""'"", ']']"
408,408,"['[', ""'LANCELOT"", ':', 'Oh', ',', 'come', 'on', '!', ""'"", ']']"
409,409,"['[', '``', 'MAYNARD', ':', 'Well', ',', 'that', ""'s"", 'what', 'it', 'says', '.', ""''"", ']']"
410,410,"['[', '``', 'ARTHUR', ':', 'Look', ',', 'if', 'he', 'was', 'dying', ',', 'he', 'would', ""n't"", 'bother', 'to', 'carve', ""'aarrggh"", ""'"", '.', ""''"", ']']"
411,411,"['[', '``', 'He', ""'d"", 'just', 'say', 'it', '!', ""''"", ']']"
412,412,"['[', '``', 'MAYNARD', ':', 'Well', ',', 'that', ""'s"", 'what', ""'s"", 'carved', 'in', 'the', 'rock', '!', ""''"", ']']"
413,413,"['[', ""'GALAHAD"", ':', 'Perhaps', 'he', 'was', 'dictating', '.', ""'"", ']']"
414,414,"['[', ""'ARTHUR"", ':', 'Oh', ',', 'shut', 'up', '.', ""'"", ']']"
415,415,"['[', ""'Well"", ',', 'does', 'it', 'say', 'anything', 'else', '?', ""'"", ']']"
416,416,"['[', ""'MAYNARD"", ':', 'No', '.', ""'"", ']']"
417,417,"['[', '``', 'Just', ""'aaarrrrggh"", ""'"", '.', ""''"", ']']"
418,418,"['[', ""'LANCELOT"", ':', 'Aaaauugggh', '.', ""'"", ']']"
419,419,"['[', ""'ARTHUR"", ':', 'Aarrrggh', '.', ""'"", ']']"
420,420,"['[', ""'BEDEVERE"", ':', 'Do', 'you', 'suppose', 'he', 'meant', 'the', 'Camaaaaaargue', '?', ""'"", ']']"
421,421,"['[', '``', 'GALAHAD', ':', 'Where', ""'s"", 'that', '?', ""''"", ']']"
422,422,"['[', ""'BEDEVERE"", ':', 'France', ',', 'I', 'think', '.', ""'"", ']']"
423,423,"['[', '``', 'LANCELOT', ':', 'Is', ""n't"", 'there', 'a', ""'Saint"", 'Aaauuves', ""'"", 'in', 'Cornwall', '?', ""''"", ']']"
424,424,"['[', '``', 'ARTHUR', ':', 'No', ',', 'that', ""'s"", ""'Saint"", 'Ives', ""'"", '.', ""''"", ']']"
425,425,"['[', ""'LANCELOT"", ':', 'Oh', ',', 'yes', '.', ""'"", ',', ""'Saint"", 'Iiiiives', '.', ""'"", ']']"
426,426,"['[', ""'KNIGHTS"", ':', 'Iiiiives', '.', ""'"", ']']"
427,427,"['[', ""'BEDEVERE"", ':', 'Oooohoohohooo', '!', ""'"", ']']"
428,428,"['[', ""'LANCELOT"", ':', 'No', ',', 'no', '.', ""'"", ']']"
429,429,"['[', '``', ""'Aaaauugggh"", ""'"", ',', 'at', 'the', 'back', 'of', 'the', 'throat', ',', 'Aaauugh', '.', ""''"", ']']"
430,430,"['[', ""'BEDEVERE"", ':', 'N', '--', 'no', '.', ""'"", ',', ""'No"", ',', 'no', ',', 'no', ',', 'no', '.', ""'"", ']']"
431,431,"['[', '``', ""'Oooooooh"", ""'"", ',', 'in', 'surprise', 'and', 'alarm', '.', ""''"", ']']"
432,432,"['[', '``', 'LANCELOT', ':', 'Oh', ',', 'you', 'mean', 'sort', 'of', 'a', ""'aaaah"", ""'"", '!', ""''"", ']']"
433,433,"['[', ""'BEDEVERE"", ':', 'Yes', ',', 'but', 'I', '--', 'aaaaaah', '!', ""'"", ']']"
434,434,"['[', ""'ARTHUR"", ':', 'Oooh', '!', ""'"", ']']"
435,435,"['[', ""'GALAHAD"", ':', 'My', 'God', '!', ""'"", ']']"
436,436,"['[', ""'"", '[', 'dramatic', 'chord', ']', ""'"", ']']"
437,437,"['[', ""'"", '[', 'roar', ']', ""'"", ']']"
438,438,"['[', '``', 'MAYNARD', ':', 'It', ""'s"", 'the', 'legendary', 'Black', 'Beast', 'of', 'Aaarrrrggh', '!', ""''"", ']']"
439,439,"['[', ""'"", '[', 'Black', 'Beast', 'of', 'Aaarrrrggh', 'eats', 'BROTHER', 'MAYNARD', ']', ""'"", ']']"
440,440,"['[', '``', 'BEDEVERE', ':', 'That', ""'s"", 'it', '!', ""''"", ']']"
441,441,"['[', '``', 'That', ""'s"", 'it', '!', ""''"", ']']"
442,442,"['[', ""'ARTHUR"", ':', 'Run', 'away', '!', ""'"", ']']"
443,443,"['[', ""'KNIGHTS"", ':', 'Run', 'away', '!', ""'"", ']']"
444,444,"['[', ""'"", '[', 'roar', ']', ""'"", ']']"
445,445,"['[', ""'Run"", 'away', '!', ""'"", ']']"
446,446,"['[', ""'Run"", 'awaaay', '!', ""'"", ']']"
447,447,"['[', ""'Run"", 'awaaaaay', '!', ""'"", ']']"
448,448,"['[', ""'"", '[', 'roar', ']', ""'"", ']']"
449,449,"['[', ""'Keep"", 'running', '!', ""'"", ']']"
450,450,"['[', ""'"", '[', 'boom', ']', ""'"", ']']"
451,451,"['[', ""'"", '[', 'roar', ']', ""'"", ']']"
452,452,"['[', ""'Shh"", '!', ""'"", ']']"
453,453,"['[', ""'Shh"", '!', ""'"", ']']"
454,454,"['[', ""'Shh"", '!', ""'"", ']']"
455,455,"['[', ""'Shh"", '!', ""'"", ']']"
456,456,"['[', ""'Shh"", '!', ""'"", ']']"
457,457,"['[', ""'Shh"", '!', ""'"", ']']"
458,458,"['[', ""'Shh"", '!', ""'"", ']']"
459,459,"['[', ""'Shh"", '!', '...', ""'"", ']']"
460,460,"['[', '``', 'BEDEVERE', ':', 'We', ""'ve"", 'lost', 'him', '.', ""''"", ']']"
461,461,"['[', ""'"", '[', 'roar', ']', ""'"", ']']"
462,462,"['[', ""'KNIGHTS"", ':', 'Aagh', '!', ""'"", ']']"
463,463,"['[', ""'NARRATOR"", ':', 'As', 'the', 'horrendous', 'Black', 'Beast', 'lunged', 'forward', ',', 'escape', 'for', 'Arthur', 'and', 'his', 'knights', 'seemed', 'hopeless', ',', 'when', 'suddenly', ',', 'the', 'animator', 'suffered', 'a', 'fatal', 'heart', 'attack', '.', ""'"", ']']"
464,464,"['[', ""'ANIMATOR"", ':', 'Ulk', '!', ""'"", ']']"
465,465,"['[', ""'"", '[', 'thump', ']', ""'"", ']']"
466,466,"['[', ""'NARRATOR"", ':', 'The', 'cartoon', 'peril', 'was', 'no', 'more', '.', ""'"", ']']"
467,467,"['[', ""'The"", 'quest', 'for', 'Holy', 'Grail', 'could', 'continue', '.', ""'"", ']']"
468,468,"['[', ']']"
469,469,"['[', '``', 'SCENE', '22', ':', 'The', 'Bridgekeeper', 'Does', ""n't"", 'Swallow', ""''"", ']']"
470,470,"['[', ""'"", '[', 'gurgle', ']', ""'"", ']']"
471,471,"['[', ""'GALAHAD"", ':', 'There', 'it', 'is', '!', ""'"", ']']"
472,472,"['[', ""'ARTHUR"", ':', 'The', 'Bridge', 'of', 'Death', '!', ""'"", ']']"
473,473,"['[', ""'ROBIN"", ':', 'Oh', ',', 'great', '.', ""'"", ']']"
474,474,"['[', ""'ARTHUR"", ':', 'Look', '!', ""'"", ']']"
475,475,"['[', '``', 'There', ""'s"", 'the', 'old', 'man', 'from', 'scene', 'twenty-four', '!', ""''"", ']']"
476,476,"['[', ""'BEDEVERE"", ':', 'What', 'is', 'he', 'doing', 'here', '?', ""'"", ']']"
477,477,"['[', ""'ARTHUR"", ':', 'He', 'is', 'the', 'keeper', 'of', 'the', 'Bridge', 'of', 'Death', '.', ""'"", ']']"
478,478,"['[', ""'He"", 'asks', 'each', 'traveller', 'five', 'questions', '--', ""'"", ']']"
479,479,"['[', ""'GALAHAD"", ':', 'Three', 'questions', '.', ""'"", ']']"
480,480,"['[', ""'ARTHUR"", ':', 'Three', 'questions', '.', ""'"", ']']"
481,481,"['[', ""'He"", 'who', 'answers', 'the', 'five', 'questions', '--', ""'"", ']']"
482,482,"['[', ""'GALAHAD"", ':', 'Three', 'questions', '.', ""'"", ']']"
483,483,"['[', ""'ARTHUR"", ':', 'Three', 'questions', 'may', 'cross', 'in', 'safety', '.', ""'"", ']']"
484,484,"['[', ""'ROBIN"", ':', 'What', 'if', 'you', 'get', 'a', 'question', 'wrong', '?', ""'"", ']']"
485,485,"['[', ""'ARTHUR"", ':', 'Then', 'you', 'are', 'cast', 'into', 'the', 'Gorge', 'of', 'Eternal', 'Peril', '.', ""'"", ']']"
486,486,"['[', '``', 'ROBIN', ':', 'Oh', ',', 'I', 'wo', ""n't"", 'go', '.', ""''"", ']']"
487,487,"['[', '``', 'GALAHAD', ':', 'Who', ""'s"", 'going', 'to', 'answer', 'the', 'questions', '?', ""''"", ']']"
488,488,"['[', ""'ARTHUR"", ':', 'Sir', 'Robin', '!', ""'"", ']']"
489,489,"['[', ""'ROBIN"", ':', 'Yes', '?', ""'"", ']']"
490,490,"['[', ""'ARTHUR"", ':', 'Brave', 'Sir', 'Robin', ',', 'you', 'go', '.', ""'"", ']']"
491,491,"['[', ""'ROBIN"", ':', 'Hey', '!', ""'"", ']']"
492,492,"['[', '``', 'I', ""'ve"", 'got', 'a', 'great', 'idea', '.', ""''"", ']']"
493,493,"['[', '``', 'Why', 'does', ""n't"", 'Lancelot', 'go', '?', ""''"", ']']"
494,494,"['[', ""'LANCELOT"", ':', 'Yes', '.', ""'"", ',', ""'Let"", 'me', 'go', ',', 'my', 'liege', '.', ""'"", ']']"
495,495,"['[', ""'"", 'I', 'will', 'take', 'him', 'single-handed', '.', ""'"", ']']"
496,496,"['[', ""'"", 'I', 'shall', 'make', 'a', 'feint', 'to', 'the', 'north-east', 'that', 's', '--', ""'"", ']']"
497,497,"['[', ""'ARTHUR"", ':', 'No', ',', 'no', ',', 'no', '.', ""'"", ']']"
498,498,"['[', ""'Hang"", 'on', '!', ""'"", ']']"
499,499,"['[', ""'Hang"", 'on', '!', ""'"", ']']"
500,500,"['[', ""'Hang"", 'on', '!', ""'"", ']']"
501,501,"['[', ""'Just"", 'answer', 'the', 'five', 'questions', '--', ""'"", ']']"
502,502,"['[', ""'GALAHAD"", ':', 'Three', 'questions', '.', ""'"", ']']"
503,503,"['[', ""'ARTHUR"", ':', 'Three', 'questions', 'as', 'best', 'you', 'can', ',', 'and', 'we', 'shall', 'watch', '...', 'and', 'pray', '.', ""'"", ']']"
504,504,"['[', ""'LANCELOT"", ':', 'I', 'understand', ',', 'my', 'liege', '.', ""'"", ']']"
505,505,"['[', ""'ARTHUR"", ':', 'Good', 'luck', ',', 'brave', 'Sir', 'Lancelot', '.', ""'"", ']']"
506,506,"['[', ""'God"", 'be', 'with', 'you', '.', ""'"", ']']"
507,507,"['[', ""'BRIDGEKEEPER"", ':', 'Stop', '!', ""'"", ']']"
508,508,"['[', ""'Who"", 'would', 'cross', 'the', 'Bridge', 'of', 'Death', 'must', 'answer', 'me', 'these', 'questions', 'three', ',', 'ere', 'the', 'other', 'side', 'he', 'see', '.', ""'"", ']']"
509,509,"['[', ""'LANCELOT"", ':', 'Ask', 'me', 'the', 'questions', ',', 'bridgekeeper', '.', ""'"", ']']"
510,510,"['[', ""'"", 'I', 'am', 'not', 'afraid', '.', ""'"", ']']"
511,511,"['[', ""'BRIDGEKEEPER"", ':', 'What', '...', 'is', 'your', 'name', '?', ""'"", ']']"
512,512,"['[', '``', 'LANCELOT', ':', 'My', 'name', 'is', ""'Sir"", 'Lancelot', 'of', 'Camelot', ""'"", '.', ""''"", ']']"
513,513,"['[', ""'BRIDGEKEEPER"", ':', 'What', '...', 'is', 'your', 'quest', '?', ""'"", ']']"
514,514,"['[', ""'LANCELOT"", ':', 'To', 'seek', 'the', 'Holy', 'Grail', '.', ""'"", ']']"
515,515,"['[', ""'BRIDGEKEEPER"", ':', 'What', '...', 'is', 'your', 'favorite', 'color', '?', ""'"", ']']"
516,516,"['[', ""'LANCELOT"", ':', 'Blue', '.', ""'"", ']']"
517,517,"['[', ""'BRIDGEKEEPER"", ':', 'Right', '.', ""'"", ']']"
518,518,"['[', ""'Off"", 'you', 'go', '.', ""'"", ']']"
519,519,"['[', ""'LANCELOT"", ':', 'Oh', ',', 'thank', 'you', '.', ""'"", ']']"
520,520,"['[', ""'Thank"", 'you', 'very', 'much', '.', ""'"", ']']"
521,521,"['[', '``', 'ROBIN', ':', 'That', ""'s"", 'easy', '!', ""''"", ']']"
522,522,"['[', ""'BRIDGEKEEPER"", ':', 'Stop', '!', ""'"", ']']"
523,523,"['[', ""'Who"", 'approacheth', 'the', 'Bridge', 'of', 'Death', 'must', 'answer', 'me', 'these', 'questions', 'three', ',', 'ere', 'the', 'other', 'side', 'he', 'see', '.', ""'"", ']']"
524,524,"['[', ""'ROBIN"", ':', 'Ask', 'me', 'the', 'questions', ',', 'bridgekeeper', '.', ""'"", ']']"
525,525,"['[', '``', 'I', ""'m"", 'not', 'afraid', '.', ""''"", ']']"
526,526,"['[', ""'BRIDGEKEEPER"", ':', 'What', '...', 'is', 'your', 'name', '?', ""'"", ']']"
527,527,"['[', '``', 'ROBIN', ':', ""'Sir"", 'Robin', 'of', 'Camelot', ""'"", '.', ""''"", ']']"
528,528,"['[', ""'BRIDGEKEEPER"", ':', 'What', '...', 'is', 'your', 'quest', '?', ""'"", ']']"
529,529,"['[', ""'ROBIN"", ':', 'To', 'seek', 'the', 'Holy', 'Grail', '.', ""'"", ']']"
530,530,"['[', ""'BRIDGEKEEPER"", ':', 'What', '...', 'is', 'the', 'capital', 'of', 'Assyria', '?', ""'"", ']']"
531,531,"['[', ""'"", '[', 'pause', ']', ""'"", ']']"
532,532,"['[', '``', 'ROBIN', ':', 'I', 'do', ""n't"", 'know', 'that', '!', '``', ',', ""'Auuuuuuuugh"", '!', ""'"", ']']"
533,533,"['[', ""'BRIDGEKEEPER"", ':', 'Stop', '!', ""'"", ',', ""'What"", '...', 'is', 'your', 'name', '?', ""'"", ']']"
534,534,"['[', '``', 'GALAHAD', ':', ""'Sir"", 'Galahad', 'of', 'Camelot', ""'"", '.', ""''"", ']']"
535,535,"['[', ""'BRIDGEKEEPER"", ':', 'What', '...', 'is', 'your', 'quest', '?', ""'"", ']']"
536,536,"['[', ""'GALAHAD"", ':', 'I', 'seek', 'the', 'Grail', '.', ""'"", ']']"
537,537,"['[', ""'BRIDGEKEEPER"", ':', 'What', '...', 'is', 'your', 'favorite', 'color', '?', ""'"", ']']"
538,538,"['[', ""'GALAHAD"", ':', 'Blue', '.', ""'"", ',', ""'No"", ',', 'yel', '--', 'auuuuuuuugh', '!', ""'"", ']']"
539,539,"['[', ""'BRIDGEKEEPER"", ':', 'Hee', 'hee', 'heh', '.', ""'"", ']']"
540,540,"['[', ""'Stop"", '!', ""'"", ']']"
541,541,"['[', ""'What"", '...', 'is', 'your', 'name', '?', ""'"", ']']"
542,542,"['[', '``', 'ARTHUR', ':', 'It', 'is', ""'Arthur"", ""'"", ',', 'King', 'of', 'the', 'Britons', '.', ""''"", ']']"
543,543,"['[', ""'BRIDGEKEEPER"", ':', 'What', '...', 'is', 'your', 'quest', '?', ""'"", ']']"
544,544,"['[', ""'ARTHUR"", ':', 'To', 'seek', 'the', 'Holy', 'Grail', '.', ""'"", ']']"
545,545,"['[', ""'BRIDGEKEEPER"", ':', 'What', '...', 'is', 'the', 'air-speed', 'velocity', 'of', 'an', 'unladen', 'swallow', '?', ""'"", ']']"
546,546,"['[', ""'ARTHUR"", ':', 'What', 'do', 'you', 'mean', '?', ""'"", ']']"
547,547,"['[', ""'An"", 'African', 'or', 'European', 'swallow', '?', ""'"", ']']"
548,548,"['[', ""'BRIDGEKEEPER"", ':', 'Huh', '?', ""'"", ']']"
549,549,"['[', '``', 'I', '--', 'I', 'do', ""n't"", 'know', 'that', '.', ""''"", ']']"
550,550,"['[', ""'Auuuuuuuugh"", '!', ""'"", ']']"
551,551,"['[', ""'BEDEVERE"", ':', 'How', 'do', 'know', 'so', 'much', 'about', 'swallows', '?', ""'"", ']']"
552,552,"['[', '``', 'ARTHUR', ':', 'Well', ',', 'you', 'have', 'to', 'know', 'these', 'things', 'when', 'you', ""'re"", 'a', 'king', ',', 'you', 'know', '.', ""''"", ']']"
553,553,"['[', ""'"", '[', 'suspenseful', 'music', ']', ""'"", ']']"
554,554,"['[', ""'"", '[', 'music', 'suddenly', 'stops', ']', ""'"", ']']"
555,555,"['[', ""'"", '[', 'intermission', ']', ""'"", ']']"
556,556,"['[', ""'"", '[', 'suspenseful', 'music', 'resumes', ']', ""'"", ']']"
557,557,"['[', ']']"
558,558,"['[', ""'SCENE"", '23', ':', 'The', 'French', 'Fight', 'Dirty', 'or', 'Why', 'Everyone', 'Hates', 'the', 'French', ""'"", ']']"
559,559,"['[', ""'ARTHUR"", ':', 'Lancelot', '!', ""'"", ']']"
560,560,"['[', ""'Lancelot"", '!', ""'"", ']']"
561,561,"['[', ""'Lancelot"", '!', ""'"", ']']"
562,562,"['[', ""'BEDEVERE"", ':', 'Lancelot', '!', ""'"", ']']"
563,563,"['[', ""'Lancelot"", '!', ""'"", ']']"
564,564,"['[', ""'ARTHUR"", ':', 'Lancelot', '!', ""'"", ']']"
565,565,"['[', ""'"", '[', 'police', 'radio', ']', ""'"", ']']"
566,566,"['[', ""'Lancelot"", '!', ""'"", ']']"
567,567,"['[', ""'BEDEVERE"", ':', 'Lancelot', '!', ""'"", ']']"
568,568,"['[', ""'Lancelot"", '!', ""'"", ']']"
569,569,"['[', ""'"", '[', 'angels', 'sing', ']', ""'"", ']']"
570,570,"['[', ""'"", '[', 'singing', 'stops', ']', ""'"", ']']"
571,571,"['[', ""'"", '[', 'ethereal', 'music', ']', ""'"", ']']"
572,572,"['[', ""'ARTHUR"", ':', 'The', 'Castle', 'Arrrggh', '.', ""'"", ']']"
573,573,"['[', ""'Our"", 'quest', 'is', 'at', 'an', 'end', '!', ""'"", ']']"
574,574,"['[', ""'God"", 'be', 'praised', '!', ""'"", ']']"
575,575,"['[', ""'Almighty"", 'God', ',', 'we', 'thank', 'Thee', 'that', 'Thou', 'hast', 'vouchsafed', 'to', 'us', 'the', 'most', 'holy', '--', ""'"", ']']"
576,576,"['[', ""'"", '[', 'twong', ']', ""'"", ']']"
577,577,"['[', ""'"", '[', 'baaaa', ']', ""'"", ']']"
578,578,"['[', ""'Jesus"", 'Christ', '!', ""'"", ']']"
579,579,"['[', ""'"", '[', 'thud', ']', ""'"", ']']"
580,580,"['[', ""'FRENCH"", 'GUARD', ':', 'Allo', ',', 'dappy', 'English', 'k-niggits', 'and', 'Monsieur', 'Arthur', 'King', ',', 'who', 'has', 'the', 'brain', 'of', 'a', 'duck', ',', 'you', 'know', '.', ""'"", ']']"
581,581,"['[', ""'So"", ',', 'we', 'French', 'fellows', 'outwit', 'you', 'a', 'second', 'time', '!', ""'"", ']']"
582,582,"['[', ""'ARTHUR"", ':', 'How', 'dare', 'you', 'profane', 'this', 'place', 'with', 'your', 'presence', '!', ""'"", ']']"
583,583,"['[', ""'"", 'I', 'command', 'you', ',', 'in', 'the', 'name', 'of', 'the', 'Knights', 'of', 'Camelot', ',', 'to', 'open', 'the', 'doors', 'of', 'this', 'sacred', 'castle', ',', 'to', 'which', 'God', 'Himself', 'has', 'guided', 'us', '!', ""'"", ']']"
584,584,"['[', '``', 'FRENCH', 'GUARD', ':', 'How', 'you', 'English', 'say', ',', ""'"", 'I', 'one', 'more', 'time', ',', 'mac', ',', 'unclog', 'my', 'nose', 'in', 'your', 'direction', ""'"", ',', 'sons', 'of', 'a', 'window-dresser', '!', ""''"", ']']"
585,585,"['[', ""'So"", ',', 'you', 'think', 'you', 'could', 'out-clever', 'us', 'French', 'folk', 'with', 'your', 'silly', 'knees-bent', 'running', 'about', 'advancing', 'behavior', '?', ""'"", ',', ""'"", '!', ""'"", ']']"
586,586,"['[', ""'"", 'I', 'wave', 'my', 'private', 'parts', 'at', 'your', 'aunties', ',', 'you', 'cheesy', 'lot', 'of', 'second', 'hand', 'electric', 'donkey-bottom', 'biters', '.', ""'"", ']']"
587,587,"['[', ""'ARTHUR"", ':', 'In', 'the', 'name', 'of', 'the', 'Lord', ',', 'we', 'demand', 'entrance', 'to', 'this', 'sacred', 'castle', '!', ""'"", ']']"
588,588,"['[', ""'FRENCH"", 'GUARD', ':', 'No', 'chance', ',', 'English', 'bed-wetting', 'types', '.', ""'"", ']']"
589,589,"['[', '``', 'I', 'burst', 'my', 'pimples', 'at', 'you', 'and', 'call', 'your', 'door-opening', 'request', 'a', 'silly', 'thing', ',', 'you', 'tiny-brained', 'wipers', 'of', 'other', 'people', ""'s"", 'bottoms', '!', ""''"", ']']"
590,590,"['[', ""'ARTHUR"", ':', 'If', 'you', 'do', 'not', 'open', 'this', 'door', ',', 'we', 'shall', 'take', 'this', 'castle', 'by', 'force', '!', ""'"", ']']"
591,591,"['[', ""'"", '[', 'splat', ']', ""'"", ']']"
592,592,"['[', ""'In"", 'the', 'name', 'of', 'God', 'and', 'the', 'glory', 'of', 'our', '--', ""'"", ']']"
593,593,"['[', ""'"", '[', 'splat', ']', ""'"", ']']"
594,594,"['[', ""'FRENCH"", 'GUARDS', ':', '[', 'laughing', ']', ""'"", ']']"
595,595,"['[', ""'ARTHUR"", ':', 'Agh', '.', ""'"", ',', ""'Right"", '!', ""'"", ']']"
596,596,"['[', ""'That"", 'settles', 'it', '!', ""'"", ']']"
597,597,"['[', ""'FRENCH"", 'GUARD', ':', 'Yes', ',', 'depart', 'a', 'lot', 'at', 'this', 'time', 'and', 'cut', 'the', 'approaching', 'any', 'more', ',', 'or', 'we', 'fire', 'arrows', 'at', 'the', 'tops', 'of', 'your', 'heads', 'and', 'make', 'castanets', 'out', 'of', 'your', 'testicles', 'already', '!', ""'"", ']']"
598,598,"['[', ""'Ha"", 'ha', 'haaa', 'ha', '!', ""'"", ']']"
599,599,"['[', ""'ARTHUR"", ':', 'Walk', 'away', '.', ""'"", ']']"
600,600,"['[', ""'Just"", 'ignore', 'them', '.', ""'"", ']']"
601,601,"['[', ""'FRENCH"", 'GUARD', ':', 'And', 'now', ',', 'remain', 'gone', ',', 'illegitimate-faced', 'bugger-folk', '!', ""'"", ']']"
602,602,"['[', '``', 'And', ',', 'if', 'you', 'think', 'you', 'got', 'a', 'nasty', 'taunting', 'this', 'time', ',', 'you', 'ai', ""n't"", 'heard', 'nothing', 'yet', ',', 'dappy', 'English', 'k-nnniggits', '!', '``', ',', ""'Thpppt"", '!', ""'"", ']']"
603,603,"['[', ""'FRENCH"", 'GUARDS', ':', '[', 'taunting', ']', ""'"", ']']"
604,604,"['[', ""'ARTHUR"", ':', 'We', 'shall', 'attack', 'at', 'once', '!', ""'"", ']']"
605,605,"['[', ""'BEDEVERE"", ':', 'Yes', ',', 'my', 'liege', '!', ""'"", ']']"
606,606,"['[', ""'ARTHUR"", ':', 'Stand', 'by', 'for', 'attack', '!', ""'"", ']']"
607,607,"['[', ""'"", '[', 'exciting', 'music', ']', ""'"", ']']"
608,608,"['[', ""'"", '[', 'music', 'stops', ']', ""'"", ']']"
609,609,"['[', ""'"", '[', 'silence', ']', ""'"", ']']"
610,610,"['[', ""'French"", 'persons', '!', ""'"", ']']"
611,611,"['[', ""'FRENCH"", 'GUARDS', ':', '[', 'taunting', ']', '...', 'Dappy', '!', '...', ""'"", ']']"
612,612,"['[', ""'ARTHUR"", ':', 'Today', 'the', 'blood', 'of', 'many', 'a', 'valiant', 'knight', 'shall', 'be', 'avenged', '.', ""'"", ']']"
613,613,"['[', ""'In"", 'the', 'name', 'of', 'God', ',', '...', ""'"", ']']"
614,614,"['[', ""'FRENCH"", 'GUARDS', ':', 'Hoo', 'hoo', '!', ""'"", ',', ""'Ohh"", ',', 'ha', 'ha', 'ha', 'ha', 'ha', '!', '...', ""'"", ']']"
615,615,"['[', ""'ARTHUR"", ':', '...', 'we', 'shall', 'not', 'stop', 'our', 'fight', 'till', 'each', 'one', 'of', 'you', 'lies', 'dead', 'and', 'the', 'Holy', 'Grail', 'returns', 'to', 'those', 'whom', 'God', 'has', 'chosen', '!', ""'"", ']']"
616,616,"['[', ""'FRENCH"", 'GUARDS', ':', '...', 'Ha', 'ha', 'ha', '!', '...', ""'"", ']']"
617,617,"['[', ""'ARTHUR"", ':', 'Charge', '!', ""'"", ']']"
618,618,"['[', ""'ARMY"", 'OF', 'KNIGHTS', ':', 'Hooray', '!', ""'"", ']']"
619,619,"['[', ""'"", '[', 'police', 'siren', ']', ""'"", ']']"
620,620,"['[', '``', 'HISTORIAN', ""'S"", 'WIFE', ':', 'Yes', ',', 'they', ""'re"", 'the', 'ones', '.', '``', ',', '``', 'I', ""'m"", 'sure', '.', ""''"", ']']"
621,621,"['[', ""'INSPECTOR"", ':', 'Come', 'on', '.', ""'"", ']']"
622,622,"['[', ""'Anybody"", 'armed', 'must', 'go', ',', 'too', '.', ""'"", ']']"
623,623,"['[', ""'OFFICER"", '#', '1', ':', 'All', 'right', '.', ""'"", ']']"
624,624,"['[', ""'Come"", 'on', '.', ""'"", ']']"
625,625,"['[', ""'Back"", '.', ""'"", ']']"
626,626,"['[', '``', 'HISTORIAN', ""'S"", 'WIFE', ':', 'Get', 'that', 'one', '.', ""''"", ']']"
627,627,"['[', ""'OFFICER"", '#', '1', ':', 'Back', '.', ""'"", ']']"
628,628,"['[', ""'Right"", 'away', '.', ""'"", ']']"
629,629,"['[', '``', 'HISTORIAN', ""'S"", 'WIFE', ':', 'Yes', '.', ""''"", ']']"
630,630,"['[', ""'OFFICER"", '#', '1', ':', 'Just', '...', 'pull', 'it', 'off', '.', ""'"", ']']"
631,631,"['[', ""'Come"", 'on', '.', ""'"", ',', ""'Come"", 'along', '.', ""'"", ']']"
632,632,"['[', ""'INSPECTOR"", ':', 'Put', 'this', 'man', 'in', 'the', 'van', '.', ""'"", ']']"
633,633,"['[', ""'OFFICER"", '#', '1', ':', 'Clear', 'off', '.', ""'"", ']']"
634,634,"['[', ""'Come"", 'on', '.', ""'"", ']']"
635,635,"['[', ""'BEDEVERE"", ':', 'With', 'whom', '?', ""'"", ']']"
636,636,"['[', ""'INSPECTOR"", ':', 'Which', 'one', '?', ""'"", ']']"
637,637,"['[', ""'OFFICER"", '#', '1', ':', 'Oh', '--', 'this', 'one', '.', ""'"", ']']"
638,638,"['[', ""'INSPECTOR"", ':', 'Come', 'on', '.', ""'"", ']']"
639,639,"['[', ""'Put"", 'him', 'in', 'the', 'van', '.', ""'"", ']']"
640,640,"['[', ""'OFFICER"", '#', '2', ':', 'Get', 'a', 'blanket', '.', ""'"", ']']"
641,641,"['[', ""'OFFICER"", '#', '1', ':', 'We', 'have', 'no', 'hospital', '.', ""'"", ']']"
642,642,"['[', ""'RANDOM"", ':', 'Ahh', '.', ""'"", ']']"
643,643,"['[', ""'"", '[', 'squeak', ']', ""'"", ']']"
644,644,"['[', ""'RANDOM"", ':', 'Ooh', '.', ""'"", ']']"
645,645,"['[', ""'OFFICER"", '#', '1', ':', 'Come', 'on', '.', ""'"", ']']"
646,646,"['[', ""'Back"", '.', ""'"", ']']"
647,647,"['[', ""'Riiight"", 'back', '.', ""'"", ']']"
648,648,"['[', ""'Come"", 'on', '!', ""'"", ']']"
649,649,"['[', ""'OFFICER"", '#', '2', ':', 'Run', 'along', '!', ""'"", ']']"
650,650,"['[', ""'Run"", 'along', '!', ""'"", ']']"
651,651,"['[', ""'OFFICER"", '#', '1', ':', 'Pull', 'that', 'off', '.', ""'"", ']']"
652,652,"['[', '``', 'My', ',', 'that', ""'s"", 'an', 'offensive', 'weapon', ',', 'that', 'is', '.', ""''"", ']']"
653,653,"['[', ""'OFFICER"", '#', '2', ':', 'Come', 'on', '.', ""'"", ']']"
654,654,"['[', '``', 'Back', 'with', ""'em"", '.', ""''"", ']']"
655,655,"['[', ""'Back"", '.', ""'"", ']']"
656,656,"['[', ""'Right"", '.', ""'"", ']']"
657,657,"['[', ""'Come"", 'along', '.', ""'"", ']']"
658,658,"['[', ""'INSPECTOR"", ':', 'Everything', '?', ""'"", ']']"
659,659,"['[', ""'"", '[', 'squeak', ']', ""'"", ']']"
660,660,"['[', ""'OFFICER"", '#', '1', ':', 'All', 'right', ',', 'sonny', '.', ""'"", ']']"
661,661,"['[', '``', 'That', ""'s"", 'enough', '.', ""''"", ']']"
662,662,"['[', ""'Just"", 'pack', 'that', 'in', '.', ""'"", ']']"
663,663,"['[', ""'"", '[', 'crash', ']', ""'"", ']']"
664,664,"['[', ""'CAMERAMAN"", ':', 'Christ', '!', ""'"", ']']"
665,665,"['[', ""'"", '[', 'film', 'leaves', 'gate', ']', ""'"", ']']"
666,666,"['[', ""'"", '[', 'organ', 'music', ']', ""'"", ']']"
