SentenceID,Sentence,SentimentID
1, The Trouble With Swallows,0
2, Whoa there!,3
3, Halt! Who goes there?,3
4," It is I, Arthur, son of Uther Pendragon, from the castle of Camelot. King of the Britons, defeater of the Saxons, Sovereign of all England!",3
5, Pull the other one!,3
6," I am, and this is my trusty servant Patsy.",3
7,We have ridden the length and breadth of the land in search of knights who will join me in my court at Camelot.,3
8,I must speak with your lord and master.,3
9, What?,3
10,Ridden on a horse?,2
11, Yes!,4
12, You're using coconuts!,3
13, What?,3
14, You've got two empty halves of a coconut and you're bangin' 'em together.,3
15, So?,3
16,"We have ridden since the snows of winter covered this land, through the kingdom of Mercia, through--",3
17, Where'd you get the coconuts?,3
18, We found them.,3
19, Found them?,2
20,In Mercia?,2
21,The coconut's tropical!,3
22, What do you mean?,3
23," Well, this is a temperate zone.",3
24," The swallow may fly south with the sun or the house martin or the plover may seek warmer climes in winter, yet these are not strangers to our land?",3
25, Are you suggesting coconuts migrate?,2
26,Not at all.,1
27,They could be carried.,3
28, What?,3
29,A swallow carrying a coconut?,2
30, It could grip it by the husk,3
31, It's not a question of where he grips it!,5
32,It's a simple question of weight ratios!,3
33,A five ounce bird could not carry a one pound coconut.,1
34," Well, it doesn't matter.",1
35,Will you go and tell your master that Arthur from the Court of Camelot is here?,3
36, Listen.,3
37,"In order to maintain air-speed velocity, a swallow needs to beat its wings forty-three times every second, right?",3
38, Please!,3
39, Am I right?,3
40, I'm not interested!,1
41, It could be carried by an African swallow!,4
42," Oh, yeah, an African swallow maybe, but not a European swallow.",1
43,That's my point.,3
44," Oh, yeah, I agree with that.",4
45, Will you ask your master if he wants to join my court at Camelot?!,3
46," But then of course, uh, African swallows are non-migratory.",1
47," Oh, yeah.",3
48," So, they couldn't bring a coconut back anyway.",1
49, Wait a minute!,4
50,Supposing two swallows carried it together?,3
51," No, they'd have to have it on a line.",1
52," Well, simple! They'd just use a strand of creeper!",4
53," What, held under the dorsal guiding feathers?",2
54," Well, why not?",3
55, Just Die Already,0
56, Bring out your dead!,3
57,Bring out your dead!,3
58,Bring out your dead!,3
59,Bring out your dead!,3
60,Bring out your dead!,3
61,Bring out your dead!,3
62,Bring out your dead!,3
63,Bring out your dead! Nine pence.,3
64,Bring out your dead!,3
65,Bring out your dead!,3
66,Bring out your dead!,3
67, Here's one.,3
68, Nine pence.,3
69, I'm not dead!,4
70, What?,3
71, Nothing. Here's your nine pence.,1
72, I'm not dead!,4
73, 'Ere.,3
74,He says he's not dead!,3
75," Yes, he is.",4
76, I'm not!,1
77, He isn't?,1
78," Well, he will be soon.",4
79,He's very ill.,1
80, I'm getting better!,4
81," No, you're not.",1
82,You'll be stone dead in a moment.,1
83," Oh, I can't take him like that.",1
84,It's against regulations.,1
85, I don't want to go on the cart!,1
86," Oh, don't be such a baby.",1
87, I can't take him.,1
88, I feel fine!,4
89," Well, do us a favor.",4
90, I can't.,1
91," Well, can you hang around a couple of minutes?",3
92,He won't be long.,3
93," No, I've got to go to the Robinsons'.",1
94,They've lost nine today.,1
95," Well, when's your next round?",3
96, Thursday.,3
97, I think I'll go for a walk.,4
98," You're not fooling anyone, you know.",1
99,"Look, isn't there something you can do?",3
100, [singing] I feel happy.,4
101,I feel happy.,4
102," Ah, thanks very much.",4
103, Not at all.,3
104,See you on Thursday.,3
105," Right, all right.",4
106,"Who's that, then?",3
107, I dunno.,3
108,Must be a king.,3
109, Why?,3
110, He hasn't got shit all over him.,1
111, Repression is Nine Tenths of the Law?,0
112, Old woman!,3
113, Man!,3
114, Man.,3
115,"Sorry, what knight lives in that castle over there?",3
116, I'm thirty-seven.,3
117, I-- what?,3
118, I'm thirty-seven.,3
119,I'm not old.,3
120," Well, I can't just call you 'Man'.",1
121," Well, you could say 'Dennis'.",3
122," Well, I didn't know you were called 'Dennis'.",1
123," Well, you didn't bother to find out, did you?",1
124," I did say 'sorry' about the 'old woman', but from the behind you looked--",1
125, What I object to is that you automatically treat me like an inferior!,1
126," Well, I am King!",3
127," Oh, King, eh, very nice.",2
128,"And how d'you get that, eh?",2
129,By exploiting the workers?,2
130,By 'anging on to outdated imperialist dogma which perpetuates the economic and social differences in our society?,2
131,If there's ever going to be any progress with the--,3
132," Dennis, there's some lovely filth down here.",4
133,Oh! How d'you do?,4
134," How do you do, good lady?",4
135,"I am Arthur, King of the Britons.",3
136,Who's castle is that?,3
137, King of the who?,3
138, The Britons.,3
139, Who are the Britons?,3
140," Well, we all are.",3
141,"We are all Britons, and I am your king.",3
142, I didn't know we had a king.,1
143,I thought we were an autonomous collective.,3
144, You're fooling yourself.,1
145,"We're living in a dictatorship, a self-perpetuating autocracy in which the working classes--",1
146," Oh, there you go bringing class into it again.",1
147, That's what it's all about.,3
148,If only people would hear of--,1
149," Please! Please, good people.",1
150,I am in haste.,1
151,Who lives in that castle?,3
152, No one lives there.,3
153, Then who is your lord?,3
154, We don't have a lord.,3
155, What?,3
156, I told you.,3
157,We're an anarcho-syndicalist commune.,3
158,"We take it in turns to act as a sort of executive officer for the week,...",3
159, Yes.,4
160, ...but all the decisions of that officer have to be ratified at a special bi-weekly meeting...,3
161," Yes, I see.",4
162," ...by a simple majority in the case of purely internal affairs,...",3
163, Be quiet!,1
164, ...but by a two-thirds majority in the case of more major--,3
165, Be quiet!,1
166,I order you to be quiet!,1
167," Order, eh?",2
168,Who does he think he is?,2
169,Heh.,3
170, I am your king!,3
171," Well, I didn't vote for you.",1
172, You don't vote for kings.,1
173," Well, how did you become King, then?",3
174," The Lady of the Lake,...",3
175,"...her arm clad in the purest shimmering samite, held aloft Excalibur from the bosom of the water signifying by Divine Providence that I, Arthur, was to carry Excalibur.",3
176,That is why I am your king!,4
177, Listen.,3
178,Strange women lying in ponds distributing swords is no basis for a system of government.,2
179,"Supreme executive power derives from a mandate from the masses, not from some farcical aquatic ceremony.",2
180, Be quiet!,1
181," Well, but you can't expect to wield supreme executive power just 'cause some watery tart threw a sword at you!",2
182, Shut up!,1
183," I mean, if I went 'round saying I was an emperor just because some moistened bint had lobbed a scimitar at me, they'd put me away!",2
184," Shut up, will you?",1
185,Shut up!,1
186," Ah, now we see the violence inherent in the system.",2
187, Shut up!,1
188, Oh!,3
189,Come and see the violence inherent in the system!,1
190,Help!,5
191,Help!,5
192,I'm being repressed!,1
193, Bloody peasant!,1
194," Oh, what a give-away.",2
195,"Did you hear that? Did you hear that, eh?",3
196,That's what I'm on about.,1
197,Did you see him repressing me?,3
198,"You saw it, didn't you?",3
199, Arthur Meets a Brave Knight...and Cuts His Limbs Off,0
200, Aaaagh!,5
201, Aaagh!,5
202, Ooh!,5
203, Aagh!,5
204, Oh!,5
205,Ooh!,5
206,Uuh.,5
207, Aaaagh!,5
208," Agh!, oh!, etc.",5
209, Aaaaaah!,5
210,Aaaaaaaaah!,5
211, Umm!,5
212," You fight with the strength of many men, Sir Knight.",4
213,"I am Arthur, King of the Britons.",3
214,I seek the finest and the bravest knights in the land to join me in my court at Camelot.,4
215,You have proved yourself worthy.,4
216,Will you join me?,3
217,You make me sad.,1
218,So be it.,3
219,"Come, Patsy.",3
220, None shall pass.,3
221, What?,3
222, None shall pass.,3
223," I have no quarrel with you, good Sir Knight, but I must cross this bridge.",1
224, Then you shall die.,1
225," I command you, as King of the Britons, to stand aside!",1
226, I move for no man.,1
227, So be it!,1
228," Aaah!, hiyaah!, etc.",5
229," Now stand aside, worthy adversary.",1
230, 'Tis but a scratch.,4
231, A scratch?,3
232,Your arm's off!,1
233," No, it isn't.",1
234," Well, what's that, then?",3
235, I've had worse.,1
236, You liar!,1
237," Come on, you pansy!",1
238,Huyah!,5
239,Hiyaah!,5
240,Aaaaaaaah!,5
241, Victory is mine!,4
242,"We thank Thee Lord, that in Thy mer--",4
243, Hah!,5
244,"Come on, then.",4
245, What?,3
246, Have at you!,5
247," Eh. You are indeed brave, Sir Knight, but the fight is mine.",3
248," Oh, had enough, eh?",3
249," Look, you stupid bastard.",1
250,You've got no arms left.,1
251," Yes, I have.",4
252, Look!,5
253, Just a flesh wound.,4
254," Look, stop that.",1
255, Chicken!,1
256,Chickennn!,1
257," Look, I'll have your leg.",1
258,Right!,1
259," Right, I'll do you for that!",1
260, You'll what?,3
261, Come here!,1
262," What are you going to do, bleed on me?",2
263, I'm invincible!,4
264, You're a looney.,1
265, The Black Knight always triumphs!,4
266,Have at you!,5
267,"Come on, then.",4
268," Oh? All right, we'll call it a draw.",4
269," Come, Patsy.",3
270," Oh. Oh, I see. Running away, eh?",3
271,You yellow bastards! Come back here and take what's coming to you.,1
272,I'll bite your legs off!,1
273, Witches and How To Build Bridges Out of Them,0
274," [chanting] Pie Iesu domine, dona eis requiem.",0
275,"Pie Iesu domine,...",0
276,...dona eis requiem.,0
277,"Pie Iesu domine,...",0
278,...dona eis requiem.,0
279, A witch! A witch!,5
280,A witch! A witch!,5
281, [chanting] Pie Iesu domine...,0
282, A witch!,5
283,A witch!,5
284,A witch!,5
285,A witch!,5
286,We've found a witch!,5
287,A witch!,5
288,A witch!,5
289,A witch!,5
290,A witch!,5
291,We've got a witch!,5
292,A witch!,5
293,A witch!,5
294,Burn her!,1
295,Burn her!,1
296,Burn her!,1
297,We've found a witch!,5
298,We've found a witch!,5
299,A witch!,5
300,A witch!,5
301,A witch!,5
302, We have found a witch.,3
303,May we burn her?,3
304, Burn her!,1
305,Burn!,1
306,Burn her!,1
307,Burn her!,1
308, How do you know she is a witch?,3
309, She looks like one.,3
310, Right!,5
311,Yeah!,5
312,Yeah!,5
313, Bring her forward.,3
314, I'm not a witch.,1
315,I'm not a witch.,1
316," Uh, but you are dressed as one.",1
317, They dressed me up like this.,3
318," Augh, we didn't!",1
319,We didn't...,1
320, And this isn't my nose.,1
321,It's a false one.,1
322, Well?,3
323," Well, we did do the nose.",4
324, The nose?,3
325," And the hat, but she is a witch!",1
326, Yeah!,5
327, We burn her!,1
328,Right!,5
329,Yeaaah!,5
330,Yeaah!,5
331, Did you dress her up like this?,3
332, No!,1
333, No. No.,1
334, No.,1
335, No.,1
336, No.,1
337, Yes.,4
338, Yes.,4
339, Yes.,4
340,"Yeah, a bit.",4
341, A bit.,4
342, A bit.,4
343, A bit.,4
344, She has got a wart.,1
345, [cough],0
346, What makes you think she is a witch?,3
347," Well, she turned me into a newt.",1
348, A newt?,3
349, I got better.,4
350, Burn her anyway!,1
351, Burn!,1
352, Burn her!,1
353,Burn!,1
354,Burn her!...,1
355, Quiet!,5
356,Quiet!,5
357,Quiet!,5
358,Quiet!,5
359,There are ways of telling whether she is a witch.,3
360, Are there?,3
361, Ah?,3
362, What are they?,3
363, Tell us!,4
364,Tell us!...,4
365, Do they hurt?,3
366, Tell me.,3
367,What do you do with witches?,3
368, Burn!,1
369, Burn!,1
370, Burn!,1
371,Burn them up!,1
372,Burn!...,1
373, And what do you burn apart from witches?,3
374, More witches!,4
375, Shh!,5
376, Wood!,5
377," So, why do witches burn?",3
378, B--... 'cause they're made of... wood?,3
379, Good!,4
380,Heh heh.,5
381," Oh, yeah, oh.",5
382," So, how do we tell whether she is made of wood?",3
383, Build a bridge out of her.,3
384," Ah, but can you not also make bridges out of stone?",3
385," Oh, yeah.",3
386," Oh, yeah, true. Uhh...",3
387, Does wood sink in water?,3
388, No. No.,1
389," No, it floats!",5
390,It floats!,5
391, Throw her into the pond!,4
392, The pond!,5
393,Throw her into the pond!,4
394, What also floats in water?,3
395, Bread!,5
396, Apples!,5
397," Uh, very small rocks!",5
398, Cider!,5
399," Uh, gra-- gravy!",5
400, Cherries!,5
401, Mud!,5
402," Uh, churches!",5
403,Churches!,5
404, Lead!,5
405,Lead!,5
406, A duck!,5
407, Oooh.,5
408, Exactly.,3
409,"So, logically...",3
410," If... she... weighs... the same as a duck,... she's made of wood.",3
411, And therefore?,3
412, A witch!,5
413, A witch!,5
414, A witch!,5
415,A witch!...,5
416, Here is a duck.,3
417,Use this duck.,3
418, Very good. We shall use my largest scales.,4
419, Ohh! Ohh!,5
420,Burn the witch!,5
421,Burn the witch!,5
422,Burn her!,5
423,Burn her!,5
424,Burn her!,5
425,Burn her!,5
426,Burn her!,5
427,Burn her!,5
428,Burn her!,5
429,Ahh!,5
430,Ahh...,5
431, Right. Remove the supports!,3
432, A witch!,5
433,A witch!,5
434,A witch!,5
435, It's a fair cop.,4
436, Burn her!,1
437, Burn her!,1
438,Burn her!,1
439,Burn her!,1
440,Burn!,1
441,Burn!...,1
442, Who are you who are so wise in the ways of science?,3
443," I am Arthur, King of the Britons.",3
444, My liege!,5
445," Good Sir Knight, will you come with me to Camelot and join us at the Round Table?",3
446, My liege!,5
447,I would be honored.,4
448, What is your name?,3
449," 'Bedevere', my liege.",3
450," Then I dub you 'Sir Bedemere, Knight of the Round Table'.",4
451," The wise Sir Bedevere was the first to join King Arthur's knights, but other illustrious names were soon to follow:",0
452,"Sir Lancelot the Brave,",4
453,"Sir Gallahad the Pure,",4
454,"and Sir Robin the-not-quite-so-brave-as-Sir-Lancelot,",1
455,"who had nearly fought the Dragon of Angnor,",1
456,"who had nearly stood up to the vicious Chicken of Bristol,",1
457,"and who had personally wet himself at the Battle of Badon Hill,",1
458,and the aptly named Sir Not-appearing-in-this-film.,2
459, The Knights of the Round Table.,4
460, Camelot is a Silly Place,0
461," And that, my liege, is how we know the earth to be banana-shaped.",4
462," This new learning amazes me, Sir Bedevere.",4
463,Explain again how sheep's bladders may be employed to prevent earthquakes.,4
464," Oh, certainly, sir.",4
465," Look, my liege!",4
466, Camelot!,5
467, Camelot!,5
468, Camelot!,5
469, It's only a model.,1
470," Shh! Knights, I bid you welcome to your new home.",4
471,Let us ride... to... Camelot!,4
472, [singing] We're Knights of the Round Table.,4
473,We dance whene'er we're able.,4
474,We do routines and chorus scenes With footwork impeccable.,4
475,We dine well here in Camelot.,4
476,We eat ham and jam and spam a lot.,4
477,We're Knights of the Round Table.,4
478,"Our shows are formidable,",4
479,But many times we're given rhymes That are quite unsingable.,1
480,We're opera mad in Camelot.,1
481,We sing from the diaphragm a lot.,4
482, [clap clap clap clap],0
483," [tap-dancing] In war we're tough and able,",4
484,Quite indefatigable.,4
485,Between our quests we sequin vests and impersonate Clark Gable.,2
486,It's a busy life in Camelot.,2
487, I have to push the pram a lot.,1
488," Well, on second thought, let's not go to Camelot.",1
489,It is a silly place.,1
490," Right, right.",4
491, God Gives Arthur a Stern Talking To,0
492, Arthur!,5
493,"Arthur, King of the Britons!",5
494,"Oh, don't grovel!",1
495,"One thing I can't stand, it's people groveling.",1
496, Sorry.,1
497, And don't apologize.,1
498,Every time I try to talk to someone it's 'sorry this' and 'forgive me that' and 'I'm not worthy'.,1
499,What are you doing now?!,3
500," I'm averting my eyes, O Lord.",1
501," Well, don't.",1
502,It's like those miserable Psalms-- they're so depressing.,1
503,"Now, knock it off!",1
504," Yes, Lord.",4
505," Right! Arthur, King of the Britons, your Knights of the Round Table shall have a task to make them an example in these dark times.",4
506," Good idea, O Lord!",4
507, 'Course it's a good idea!,2
508,Behold!,5
509,"Arthur, this is the Holy Grail.",3
510,"Look well, Arthur, for it is your sacred task to seek this grail.",3
511, the quest for the Holy Grail.,3
512, A blessing!,4
513,A blessing from the Lord!,4
514, God be praised!,4
515, Why No One Likes The French,0
516, Halt!,5
517,Hallo!,4
518,Hallo!,4
519, Allo!,4
520,Who is eet?,3
521," It is King Arthur, and these are my Knights of the Round Table.",3
522,Whose castle is this?,3
523," This is the castle of my master, Guy de Loimbard.",3
524, Go and tell your master that we have been charged by God with a sacred quest.,3
525,"If he will give us food and shelter for the night, he can join us in our quest for the Holy Grail.",4
526," Well, I'll ask him, but I don't think he'll be very keen.",1
527,"Uh, he's already got one, you see.",1
528, What?,3
529, He says they've already got one!,4
530, Are you sure he's got one?,3
531," Oh, yes. It's very nice-a.",4
532,(I told him we already got one.),3
533, [chuckling],0
534," Well, u-- um, can we come up and have a look?",3
535, Of course not!,1
536,You are English types-a!,1
537," Well, what are you, then?",3
538, I'm French!,3
539,"Why do think I have this outrageous accent, you silly king-a?!",2
540, What are you doing in England?,3
541, Mind your own business!,1
542," If you will not show us the Grail, we shall take your castle by force!",1
543," You don't frighten us, English pig-dogs!",1
544,"Go and boil your bottom, sons of a silly person.",1
545,"I blow my nose at you, so-called Arthur King, you and all your silly English k-nnnnniggits.",1
546,Thpppppt! Thppt! Thppt!,1
547, What a strange person.,1
548," Now look here, my good man--",4
549," I don't wanna talk to you no more, you empty headed animal food trough wiper!",1
550,I fart in your general direction!,1
551,Your mother was a hamster and your father smelt of elderberries!,1
552, Is there someone else up there we could talk to?,3
553, No.,1
554,"Now, go away, or I shall taunt you a second time-a!",1
555," Now, this is your last chance.",1
556,I've been more than reasonable.,1
557, (Fetchez la vache.),3
558, Quoi?,3
559, (Fetchez la vache!),3
560," If you do not agree to my commands, then I shall--",1
561,Jesus Christ!,5
562, Christ!,5
563,Ah! Ohh!...,5
564, Right! Charge!,5
565, Charge!,5
566," Hey, this one is for your mother! There you go.",1
567, And this one's for your dad!,1
568, Run away!,1
569, Run away!,1
570, Thppppt!,1
571, [taunting],1
572, Fiends!,1
573,I'll tear them apart!,1
574," No, no. No, no.",1
575, Sir!,4
576,"I have a plan, sir.",4
577," [whispering] C'est un lapin, lapin de bois.",3
578,Quoi?,3
579,Un cadeau.,4
580,What?,3
581,A present.,4
582,"Oh, un cadeau.",4
583,"Oui, oui.",4
584,Allons-y.,3
585,What? Let's go.,4
586,Oh. On y va.,4
587,Bon magne.,4
588,Over here...,3
589, What happens now?,3
590," Well, now, uh, Lancelot, Galahad, and I, uh, wait until nightfall, and then leap out of the rabbit, taking the French, uh, by surprise.",1
591,"Not only by surprise, but totally unarmed!",1
592, Who leaps out?,3
593," U-- u-- uh, Lancelot, Galahad, and I, uh, leap out of the rabbit, uh, and uh...",3
594, Ohh.,5
595," Oh. Um, l-- look, i-- i-- if we built this large wooden badger--",4
596, Run away!,5
597, Run away!,5
598,Run away!,5
599,Run away!,5
600,Run away!,5
601,Run away!,5
602,Run away!,5
603,Run away!,5
604," Oh, haw haw haw haw! Haw! Haw haw heh...",5
605, Sir Robin's Minstrals Turn Nasty,0
606, The Tale of Sir Robin.,0
607,"So, each of the knights went their separate ways.",3
608,"Sir Robin rode north, through the dark forest of Ewing, accompanied by his favorite minstrels.",4
609, [singing] Bravely bold Sir Robin rode forth from Camelot.,4
610,"He was not afraid to die, O brave Sir Robin.",1
611,"He was not at all afraid to be killed in nasty ways, Brave, brave, brave, brave Sir Robin!",1
612,"He was not in the least bit scared to be mashed into a pulp,",1
613,"Or to have his eyes gouged out and his elbows broken, To have his kneecaps split and his body burned away And his limbs all hacked and mangled, brave Sir Robin!",1
614,His head smashed in and his heart cut out And his liver removed and his bowels unplugged And his nostrils raped and his bottom burned off And his pen--,1
615," That's-- that's, uh-- that's enough music for now, lads. Heh.",1
616,Looks like there's dirty work afoot.,1
617, Anarcho-syndicalism is a way of preserving freedom.,4
618," Oh, Dennis, forget about freedom.",1
619,Don't drop that mud.,1
620, Halt!,5
621,Who art thou?,3
622," [singing] He is brave Sir Robin, brave Sir Robin, who--",4
623," Shut up! Um, n-- n-- n-- nobody, really. I'm j-- j-- j-- ju-- just, um-- just passing through.",1
624, What do you want?,3
625, [singing] To fight and--,1
626, Shut up!,1
627,"Um, oo, a-- nothing. Nothing, really. I, uh-- j-- j-- just-- just to, um-- just to p-- pass through, good Sir Knight.",1
628, I'm afraid not!,1
629," Ah. W-- well, actually I-- I am a Knight of the Round Table.",4
630, You're a Knight of the Round Table?,3
631, I am.,3
632," In that case, I shall have to kill you.",1
633, Shall I?,3
634," Oh, I don't think so.",1
635," Well, what do I think?",3
636, I think kill him.,1
637," Oh, let's be nice to him.",4
638," Oh, shut up.",1
639, Perhaps I could--,4
640," And you. Oh, quick!",5
641,Get the sword out.,1
642,I want to cut his head off!,1
643," Oh, cut your own head off!",1
644," Yes, do us all a favor!",1
645, What?,3
646, Yapping on all the time.,1
647, You're lucky.,2
648,You're not next to him.,1
649, What do you mean?,3
650, You snore!,1
651," Oh, I don't.",1
652,"Anyway, you've got bad breath.",1
653," Well, it's only because you don't brush my teeth.",1
654," Oh, stop bitching and let's go have tea.",1
655," Oh, all right.",4
656,"All right, all right.",4
657,We'll kill him first and then have tea and biscuits.,1
658, Yes.,4
659," Oh, not biscuits.",1
660," All right, all right, not biscuits, but let's kill him anyway.",1
661, Right!,4
662, He buggered off.,3
663, So he has.,3
664,He's scarpered.,1
665," [singing] Brave Sir Robin ran away,",2
666, No!,1
667," [singing] Bravely ran away, away.",2
668, I didn't!,1
669," [singing] When danger reared its ugly head, he bravely turned his tail and fled.",2
670, No!,1
671," [singing] Yes, brave Sir Robin turned about",2
672, I didn't!,1
673," [singing] And gallantly, he chickened out.",2
674,"Bravely taking to his feet,",2
675, I never did!,1
676, [singing],0
677,"He beat a very brave retreat,",1
678, All lies!,1
679," [singing] Bravest of the brave, Sir Robin.",2
680, I never!,1
681," [chanting] Pie Iesu domine, dona eis requiem.",0
682, Heh heh heeh ooh...,0
683," [chanting] Pie Iesu domine,...",0
684, Wayy!,0
685,"Ho ho. Woa, wayy!",0
686,Heh heh heh heh ho! Heh heh heh!,0
687, [chanting] ...dona eis requiem.,0
688, Wayy!,0
689,Wayy!,0
690," [whispering] Forgive me, for I have sinned.",4
691, Oh! Oooo.,0
692, The Oral Sects or Sir Gallahad Faces Peril Valiantly,0
693,The Tale of Sir Galahad.,0
694, Open the door! Open the door!,3
695,"In the name of King Arthur, open the door!",3
696, Hello!,4
697," Welcome, gentle Sir Knight.",4
698,Welcome to the Castle Anthrax.,4
699, The Castle Anthrax?,3
700," Yes. Oh, it's not a very good name, is it?",3
701,"Oh, but we are nice and we will attend to your every, every need!",4
702, You are the keepers of the Holy Grail?,3
703, The what?,3
704," The Grail, it is here.",3
705," Oh, but you are tired and you must rest awhile.",4
706,Midget!,3
707,Crapper!,3
708," Yes, O Zoot?",3
709, Prepare a bed for our guest.,4
710," Oh, thank you!",4
711,Thank you!,4
712,Thank you!,4
713,Thank you!,4
714,Thank you!,4
715,Thank you!...,4
716, Away!,1
717,"Away, varletesses.",1
718,"The beds here are warm and soft and very, very big.",4
719," Well, look, I-- I, uh--",3
720," What is your name, handsome knight?",3
721, 'Sir Galahad... the Chaste'.,3
722, Mine is 'Zoot'.,3
723,Just 'Zoot'.,3
724,"Oh, but come.",3
725," Look, please!",3
726,"In God's name, show me the Grail!",3
727," Oh, you have suffered much.",1
728,You are delirious.,1
729," No, look. I have seen it!",3
730,It is here in this--,3
731, Sir Galahad!,3
732,You would not be so ungallant as to refuse our hospitality.,1
733," Well, I-- I, uh--",3
734," Oh, I am afraid our life must seem very dull and quiet compared to yours.",1
735,"We are but eight score young blondes and brunettes, all between sixteen and nineteen-and-a-half, cut off in this castle with no one to protect us.",1
736,Oooh.,5
737," bathing, dressing, undressing, knitting exciting underwear.",1
738,We are just not used to handsome knights.,1
739,"Nay, Nay.",1
740,"Come, Come.",3
741,You may lie here.,4
742,"Oh, but you are wounded!",1
743," No, no.",1
744,It's-- it's nothing.,1
745," Oh, you must see the doctors immediately!",3
746,"No, no, please!",1
747,Lie down.,3
748," Well, what seems to be the trouble?",3
749, They're doctors?!,3
750," Uh, they... have a basic medical training, yes.",4
751, B-- but--,3
752," Oh, come. Come. You must try to rest.",4
753,Doctor Piglet!,3
754,Doctor Winston!,3
755,Practise your art.,3
756, Try to relax.,4
757, Are you sure that's absolutely necessary?,3
758, We must examine you.,3
759, There's nothing wrong with that!,1
760, Please.,3
761,We are doctors.,3
762, Look!,3
763,This cannot be.,1
764,I am sworn to chastity.,3
765, Back to your bed! At once!,1
766, Torment me no longer. I have seen the Grail!,1
767, There's no grail here.,1
768, I have seen it!,4
769,I have seen it!,4
770,I have seen--,4
771, Hello.,4
772, Oh.,5
773, Hello.,4
774,Hello.,4
775,Hello.,4
776,Hello.,4
777,Hello.,4
778,Hello.,4
779,Hello.,4
780,Hello.,4
781,Hello.,4
782,Hello.,4
783,Hello.,4
784,Hello.,4
785,Hello.,4
786,Hello.,4
787,Hello.,4
788,Hello.,4
789,Hello.,4
790,Hello.,4
791,Hello.,4
792,Hello.,4
793,Hello.,4
794,Hello.,4
795,Hello.,4
796, Zoot!,5
797," No, I am Zoot's identical twin sister, Dingo.",1
798," Oh, well, excuse me, I--",3
799, Where are you going?,3
800, I seek the Grail!,4
801,"I have seen it, here in this castle!",4
802," Oh, no. Oh, no!",1
803,"Bad, bad Zoot!",1
804," Well, what is it?",3
805," Oh, wicked, bad, naughty Zoot!",1
806,"She has been setting alight to our beacon, which, I have just remembered, is grail-shaped.",1
807,It's not the first time we've had this problem.,1
808, It's not the real Grail?,3
809," Oh, wicked, bad, naughty, evil Zoot!",1
810,She is a bad person and must pay the penalty!,1
811,Do you think this scene should have been cut?,2
812,"We were so worried when the boys were writing it, but now, we're glad.",2
813,"It's better than some of the previous scenes, I think.",2
814, At least ours was better visually.,2
815," Well, at least ours was committed.",2
816,It wasn't just a string of pussy jokes.,2
817, Get on with it.,1
818," Yes, get on with it!",1
819," Yes, get on with it!",1
820," Oh, I am enjoying this scene.",4
821, Get on with it!,1
822, [sigh],0
823,"Oh, wicked, wicked Zoot.",1
824,"Oh, she is a naughty person and she must pay the penalty,",1
825,,1
826,you must tie her down on a bed and spank her.,1
827, A spanking!,5
828,A spanking!,5
829," You must spank her well, and after you have spanked her, you may deal with her as you like,",1
830,"and then, spank me.",1
831, And spank me.,3
832, And me.,3
833, And me.,3
834, Yes.,4
835,"Yes, you must give us all a good spanking!",4
836, A spanking!,3
837,A spanking!,3
838,There is going to be a spanking tonight!,4
839," And after the spanking, the oral sex.",4
840, The oral sex!,4
841,The oral sex!,4
842," Well, I could stay a bit longer.",4
843, Sir Galahad!,3
844," Oh, hello.",4
845, Quick!,3
846, What?,3
847, Quick!,3
848, Why?,3
849, You are in great peril!,1
850," No, he isn't.",1
851," Silence, foul temptress!",1
852," You know, she's got a point.",4
853, Come on!,3
854,We will cover your escape!,1
855," Look, I'm fine!",4
856, Come on!,3
857, Sir Galahad!,3
858, No.,1
859,"Look, I can tackle this lot single-handed!",1
860, Yes!,4
861,Let him tackle us single-handed!,4
862, Yes!,4
863,Let him tackle us single-handed!,4
864," No, Sir Galahad. Come on!",1
865, No!,1
866,Really!,5
867,"Honestly, I can cope.",4
868,I can handle this lot easily.,4
869," Oh, yes.",4
870,Let him handle us easily.,4
871, Yes.,4
872,Let him handle us easily.,4
873, No.,1
874,Quick!,3
875,Quick!,3
876, Please!,1
877,I can defeat them!,4
878,There's only a hundred-and-fifty of them!,2
879, Yes!,4
880,"Yes, he will beat us easily!",1
881,We haven't a chance.,1
882, We haven't a chance.,1
883,He will beat us easily...,1
884," Oh, shit.",1
885, We were in the nick of time.,4
886,You were in great peril.,1
887, I don't think I was.,1
888," Yes, you were.",4
889,You were in terrible peril.,1
890," Look, let me go back in there and face the peril.",1
891," No, it's too perilous.",1
892," Look, it's my duty as a knight to sample as much peril as I can.",2
893," No, we've got to find the Holy Grail.",1
894,Come on!,3
895," Oh, let me have just a little bit of peril?",4
896, No.,1
897,It's unhealthy.,1
898, I bet you're gay.,2
899," No, I'm not.",1
900," Sir Lancelot had saved Sir Galahad from almost certain temptation, but they were still no nearer the Grail.",0
901,"Meanwhile, King Arthur and Sir Bedevere, not more than a swallow's flight away, had discovered something.",4
902,"Oh, that's an unladen swallow's flight, obviously.",4
903,"I mean, they were more than two laden swallows' flights away--",4
904,"four, really, if they had a coconut on a line between them.",4
905,"I mean, if the birds were walking and dragging--",4
906, Get on with it!,1
907," Oh, anyway.",0
908,"On to scene twenty-four, which is a smashing scene with some lovely acting, in which Arthur discovers a vital clue,",0
909,"and in which there aren't any swallows, although I think you can hear a starling-- oooh!",0
910, A Rather Silly Old Man Directs Arthur to an Enchanter,0
911," Heh, hee ha ha hee hee!",5
912,Hee hee hee ha ha ha...,5
913," And this enchanter of whom you speak, he has seen the Grail?",3
914, ...Ha ha ha ha!,5
915,"Heh, hee ha ha hee!",5
916,Ha hee ha!,5
917,Ha ha ha ha...,5
918, Where does he live?,3
919, ...Heh heh heh heh...,5
920," Old man, where does he live?",3
921, ...Hee ha ha ha.,5
922,"He knows of a cave, a cave which no man has entered.",3
923, And the Grail.,3
924,The Grail is there?,3
925," There is much danger, for beyond the cave lies the Gorge of Eternal Peril, which no man has ever crossed.",1
926, But the Grail!,5
927,Where is the Grail?!,3
928, Seek you the Bridge of Death.,3
929," The Bridge of Death, which leads to the Grail?",3
930," Heh, hee hee hee hee!",5
931,Ha ha ha ha ha! Hee ha ha...,5
932, Knights With A Repetitive Tendency to Repetively Say Ni Repetively,0
933, Ni!,1
934, Ni!,1
935,Ni!,1
936,Ni!,1
937,Ni!,1
938,Ni!,1
939, Who are you?,3
940, We are the Knights Who Say... 'Ni'!,3
941, Ni!,1
942, No!,1
943,Not the Knights Who Say 'Ni'!,1
944, The same!,3
945, Who are they?,3
946," We are the keepers of the sacred words: 'Ni', 'Peng', and 'Neee-wom'!",3
947, Neee-wom!,3
948, Those who hear them seldom live to tell the tale.,1
949, The Knights Who Say 'Ni' demand a sacrifice.,1
950," Knights of Ni, we are but simple travellers who seek the enchanter who lives beyond these woods.",1
951, Ni!,1
952, Ni!,1
953,Ni!,1
954,Ni!,1
955,Ni!,1
956,Ni!...,1
957, Ow!,5
958,Ow!,5
959,Ow!,5
960,Agh!,5
961, We shall say 'ni' again to you if you do not appease us.,1
962," Well, what is it you want?",3
963, We want... a shrubbery!,4
964, A what?,3
965, Ni!,1
966,Ni!,1
967,Ni!,1
968,Ni!,1
969, Ow!,5
970,Oh!,5
971, Please!,4
972,Please!,4
973,No more!,1
974,We will find you a shrubbery.,4
975," You must return here with a shrubbery, or else, you will never pass through this wood... alive.",1
976," O Knights of Ni, you are just and fair, and we will return with a shrubbery.",4
977, One that looks nice.,4
978, Of course.,4
979, And not too expensive.,4
980, Yes.,4
981, Now... go!,3
982, Hmm hmm--,0
983,Oh! Great Scott! Hm. Hmm.,0
984,Hm! Hmm.,0
985,Ohh!,0
986," Ay, up! Thsss.",0
987,"Ayy, up!",5
988,Thsss.,0
989,"Ayy, up!",5
990, Stop that!,1
991,Stop that!,1
992," Ay, up!",5
993, Stop that!,1
994,Look on!,1
995,Clear off!,1
996,Go on!,1
997,Go away!,1
998,Go away!,1
999,Go away!,1
1000,And you!,1
1001,Clear off!,1
1002, [mumble mumble mumble],0
1003, Hah.,5
1004,Bloody weather.,1
1005, Swamps Suck Castles,0
1006, The Tale of Sir Lancelot.,0
1007," One day, lad, all this will be yours!",4
1008," What, the curtains?",2
1009, No.,1
1010,"Not the curtains, lad.",1
1011,"All that you can see, stretched out over the hills and valleys of this land!",4
1012,"This'll be your kingdom, lad.",4
1013, But Mother--,1
1014," Father, lad.",3
1015,Father.,3
1016," B-- b-- but Father, I don't want any of that.",1
1017," Listen, lad.",3
1018,I built this kingdom up from nothing.,1
1019,"When I started here, all there was was swamp. Other kings said I was daft to build a castle on a swamp, but I built it all the same, just to show 'em.",1
1020,It sank into the swamp.,1
1021,"So, I built a second one.",3
1022,That sank into the swamp.,1
1023,"So, I built a third one.",3
1024,"That burned down, fell over, then sank into the swamp, but the fourth one... stayed up!",1
1025, the strongest castle in these islands.,4
1026, But I don't want any of that. I'd rather--,1
1027, Rather what?!,3
1028, I'd rather...,3
1029,...just... sing!,4
1030, Stop that!,1
1031,Stop that!,1
1032,You're not going into a song while I'm here.,1
1033,"Now listen, lad.",3
1034,"In twenty minutes, you're getting married to a girl whose father owns the biggest tracts of open land in Britain.",4
1035, B-- but I don't want land.,1
1036," Listen, Alice,--",3
1037, Herbert.,3
1038, 'Erbert.,3
1039,We live in a bloody swamp.,1
1040,We need all the land we can get.,1
1041, But-- but I don't like her.,1
1042, Don't like her?!,1
1043,What's wrong with her?!,3
1044,She's beautiful.,4
1045,She's rich.,4
1046,She's got huge... tracts o' land!,4
1047," I know, but I want the-- the girl that I marry to have... [music] ...a certain,... special... something!",4
1048, Cut that out!,1
1049,Cut that out!,1
1050,"Look, you're marrying Princess Lucky, so you'd better get used to the idea! [smack]",1
1051,Guards! Make sure the Prince doesn't leave this room until I come and get him.,1
1052, Not to leave the room even if you come and get him.,2
1053, Hic!,5
1054," No, no.",1
1055,Until I come and get him.,3
1056," Until you come and get him, we're not to enter the room.",1
1057," No, no, no.",1
1058,You stay in the room and make sure he doesn't leave.,3
1059, And you'll come and get him.,3
1060, Hic!,5
1061, Right.,4
1062, We don't need to do anything apart from just stop him entering the room.,1
1063," No, no leaving the room.",1
1064, Leaving the room.,1
1065,Yes. [sniff],4
1066, All right?,3
1067, Right.,3
1068, Hic!,5
1069, Right.,3
1070," Oh, if-- if-- if, uhh-- if-- if-- w-- ehh-- i-- if-- if we--",3
1071, Yes?,3
1072,What is it?,3
1073," Oh, i-- if-- i-- oh--",3
1074," Look, it's quite simple.",3
1075, Uh...,3
1076, You just stay here and make sure 'e doesn't leave the room.,1
1077,All right?,3
1078, Hic!,5
1079, Right.,3
1080," Oh, I remember.",4
1081,"Uhh, can he leave the room with us?",4
1082," N-- no, no.",1
1083,"No, you just keep him in here and make sure he--",1
1084," Oh, yes.",4
1085,"We'll keep him in here, obviously, but if he had to leave and we were with him--",4
1086," No, no, no, no.",1
1087,Just keep him in here--,1
1088, Until you or anyone else--,3
1089," No, not anyone else.",1
1090,Just me.,3
1091, Just you.,3
1092, Hic!,5
1093, Get back.,3
1094, Get back.,3
1095, All right?,3
1096, Right.,3
1097,We'll stay here until you get back.,4
1098, Hic!,5
1099," And, uh, make sure he doesn't leave.",1
1100, What?,3
1101, Make sure 'e doesn't leave.,1
1102, The Prince?,3
1103, Yes. Make sure 'e doesn't leave.,1
1104," Oh, yes, of course.",4
1105, Hic!,5
1106, Ah. I thought you meant him.,1
1107,"You know, it seemed a bit daft me havin' to guard him when he's a guard.",1
1108, Is that clear?,3
1109, Hic!,5
1110," Oh, quite clear.",4
1111,No problems.,4
1112, Right.,3
1113,Where are you going?,3
1114, We're coming with you.,3
1115," No, no. I want you to stay here and make sure 'e doesn't leave.",1
1116," Oh, I see.",3
1117,Right.,3
1118, But Father!,5
1119," Shut your noise, you!",1
1120,And get that suit on! [music],1
1121,And no singing!,1
1122, Hic!,5
1123," Oh, go and get a glass of water. [clank]",1
1124, Concorde Takes One For the Gipper,0
1125," Well taken, Concorde!",4
1126," Thank you, sir! Most kind.",4
1127, And again!,4
1128,Over we go!,4
1129,Good.,4
1130,Steady!,3
1131,"And now, the big one!",4
1132,"Uuh! Come on, Concorde! [thwonk]",3
1133," Message for you, sir. [fwump]",3
1134, Concorde!,3
1135,Concorde!,3
1136,Speak to me!,3
1137," I have been imprisoned by my father, who wishes me to marry against my will.",1
1138,"Please, please, please come and rescue me.",3
1139,I am in the Tall Tower of Swamp Castle.',3
1140,At last!,5
1141,A call!,5
1142,A cry of distress!,5
1143,This could be the sign that leads us to the Holy Grail!,4
1144,"Brave, brave Concorde, you shall not have died in vain!",1
1145," Uh, I'm-- I'm not quite dead, sir.",4
1146," Well, you shall not have been mortally wounded in vain!",2
1147," I-- I-- I think I c-- I could pull through, sir.",4
1148," Oh, I see.",3
1149," Actually, I think I'm all right to come with you, sir--",4
1150," No, no, sweet Concorde!",1
1151,Stay here!,3
1152,I will send help as soon as I have accomplished a daring and heroic rescue in my own particular...,4
1153," Idiom, sir?",3
1154, Idiom!,5
1155," No, I feel fine, actually, sir.",4
1156," Farewell, sweet Concorde!",4
1157," I'll, um-- I'll just stay here, then.",4
1158,"Shall I, sir?",3
1159,Yeah.,4
1160, Lancelot Saves a Beautiful and Melodious errr Prince?,0
1161, [giggling],0
1162, 'Morning!,5
1163, 'Morning.,5
1164, Oooh.,5
1165, [ptoo] [drum roll],0
1166, Ha ha! Hiyya!,5
1167, Hey!,5
1168," Hiyya!, Ha!, etc.",5
1169, [giggling],0
1170, Ha ha! Huy!,5
1171, Uuh! Aaah!,5
1172, Ha ha!,5
1173,And take this!,5
1174,Aah!,5
1175,Hiyah!,5
1176,Aah!,5
1177,Aaah!,5
1178,Hyy!,5
1179,Hya!,5
1180,Hiyya!,5
1181,Ha!...,5
1182," Now, you're not allowed to enter the room-- aaugh!",1
1183," O fair one, behold your humble servant, Sir Lancelot of Camelot.",4
1184,I have come to take y--,4
1185,"Oh, I'm terribly sorry.",1
1186, You got my note!,4
1187," Uh, well, I-- I got, uh, a note.",1
1188, You've come to rescue me!,4
1189," Uh, well, no.",1
1190,"You see, I hadn't--",1
1191, I knew someone would.,4
1192,I knew that somewhere out there...,4
1193," Well, I--",1
1194, ...there must be... someone...,4
1195, Stop that!,1
1196,Stop that!,1
1197,Stop it!,1
1198,Stop it!,1
1199,Who are you?,3
1200, I'm your son!,3
1201," No, not you.",1
1202," Uh, I am Sir Lancelot, sir.",3
1203," He's come to rescue me, Father.",4
1204," Well, let's not jump to conclusions.",2
1205, Did you kill all those guards?,3
1206," Uh... Oh, yes. Sorry.",1
1207, They cost fifty pounds each!,3
1208," Well, I'm awfully sorry.",1
1209,"Um, I really can explain everything.",1
1210," Don't be afraid of him, Sir Lancelot.",4
1211,I've got a rope all ready.,4
1212, You killed eight wedding guests in all!,1
1213," Well, uh, you see, the thing is, I thought your son was a lady.",1
1214, I can understand that.,2
1215," Hurry, Sir Lancelot!",5
1216,Hurry!,5
1217, Shut up!,1
1218,"You only killed the bride's father, that's all!",2
1219," Well, I really didn't mean to...",1
1220, Didn't mean to?!,2
1221,You put your sword right through his head!,2
1222," Oh, dear.",1
1223,Is he all right?,3
1224, You even kicked the bride in the chest!,1
1225,This is going to cost me a fortune!,1
1226," Well, I can explain.",1
1227,"I was in the forest, um, riding north from Camelot, when I got this note, you see--",3
1228, Camelot?,3
1229,"Are you from, uh, Camelot?",3
1230," Hurry, Sir Lancelot!",5
1231," Uh, I am a Knight of King Arthur, sir.",3
1232," Very nice castle, Camelot.",4
1233,"Uh, very good pig country.",4
1234, Is it?,3
1235, Hurry!,5
1236,I'm ready!,5
1237," Would you, uh, like to come and have a drink?",3
1238," Well, that-- that's, uh, awfully nice of you,...",4
1239, I am ready!,5
1240," ...um, I mean to be so understanding. [thonk]",4
1241,"Um,...",3
1242, Oooh!,5
1243," ...I'm afraid when I'm in this idiom, I sometimes get a bit, uh, sort of carried away.",1
1244," Oh, don't worry about that.",4
1245, Oooh! [splat],5
1246, You Can't Stop a... errrr Prince?... From Singing,0
1247, [crying],0
1248," Well, this is the main hall.",3
1249,"We're going to have all this knocked through and made into one big, uh, living room.",3
1250, There he is!,5
1251," Oh, bloody hell. [exciting music]",1
1252, Ha ha ha! Hey!,5
1253,Ha ha!,5
1254, Hold it!,5
1255,Stop it!,5
1256,Hold it!,5
1257,Hold it!,5
1258,Hold it!,5
1259,Hold it!,5
1260,Hold it!,5
1261,Please!,5
1262," Sorry, sorry.",1
1263,You see what I mean?,3
1264,I just get carried away.,3
1265,I'm really most awfully sorry.,1
1266,Sorry!,1
1267,"Sorry, everyone.",1
1268, He's killed the best man!,1
1269, [yelling],0
1270, Hold it!,5
1271,Hold it!,5
1272,Please!,5
1273,Hold it!,5
1274,"This is Sir Lancelot from the Court of Camelot, a very brave and influential knight, and my special guest here today.",4
1275, Hello.,4
1276, He killed my auntie!,1
1277, [yelling],0
1278, Please!,5
1279,Please!,5
1280,This is supposed to be a happy occasion!,4
1281,Let's not bicker and argue about who killed who.,1
1282,We are here today to witness the union of two young people in the joyful bond of the holy wedlock.,4
1283,"Unfortunately, one of them, my son Herbert, has just fallen to his death.",1
1284, Oh!,5
1285,"Oh, no!",5
1286," But I don't want to think I've not lost a son, so much as... gained a daughter! [clap clap clap]",4
1287,"For, since the tragic death of her father--",4
1288, He's not quite dead!,4
1289, Since the near fatal wounding of her father--,2
1290, He's getting better!,4
1291," For, since her own father, who, when he seemed about to recover, suddenly felt the icy hand of death upon him.",1
1292, Uugh!,5
1293," Oh, he's died!",1
1294," And I want his only daughter to look upon me as her old dad, in a very real and legally binding sense. [clap clap clap]",4
1295,"And I feel sure that the merger-- er, the union between the Princess and the brave, but dangerous, Sir Lancelot of Camelot--",1
1296, What?,3
1297, Look!,5
1298,The dead Prince!,5
1299, Oooh!,5
1300,The dead Prince!,5
1301, He's not quite dead.,4
1302," No, I feel much better.",4
1303," You fell out of the Tall Tower, you creep!",1
1304," No, I was saved at the last minute.",4
1305, How?!,3
1306," Well, I'll tell you. [music]",3
1307, Not like that!,1
1308,Not like that!,1
1309,No!,1
1310,Stop it!,1
1311, [singing] He's going to tell!,3
1312,He's going to tell!...,3
1313, Shut uuup!,1
1314, [singing] He's going to tell!...,3
1315, Shut up!,1
1316, [singing] He's going to tell!...,3
1317, Shut up!,1
1318, [singing] He's going to tell!...,3
1319, Not like that!,1
1320, [singing] He's going to tell!,3
1321,He's going to tell!,3
1322,He's going to tell!,3
1323,He's going to tell!...,3
1324," Quickly, sir!",3
1325, [singing] He's going to tell!...,3
1326, Come this way!,3
1327, [singing] He's going to tell!,3
1328,He's going to tell!...,3
1329, No!,1
1330,It's not right for my idiom!,1
1331, [singing] He's going to tell about his great escape...,3
1332, I must escape more... [sigh],1
1333," [singing] Oh, he fell a long, long way,...",1
1334," Dramatically, sir?",3
1335, Dramatically!,5
1336, [singing] But he's here with us today...,4
1337, Heee! Hoa! [crash] Hoo!,5
1338, [singing] What a wonderful escape!,4
1339, Excuse me.,3
1340,"Could, uh-- could somebody give me a push, please?",3
1341, How to Find that Perfect Shrubbery,0
1342, Old crone! [rewr!],1
1343, Who sent you?,3
1344, The Knights Who Say 'Ni'.,3
1345, Aggh!,5
1346,No!,1
1347,Never!,1
1348,We have no shrubberies here.,1
1349," If you do not tell us where we can buy a shrubbery, my friend and I will say... we will say... 'ni'.",1
1350, Agh!,5
1351,Do your worst,1
1352, Very well!,3
1353,"If you will not assist us voluntarily,...",1
1354,ni!,1
1355, No!,1